delete from classes where true;
    delete from classmembers where true;
    delete from courses where true;
    delete from grades where true;
    delete from students where true;
    delete from teacher_teacherteam where true;
    delete from teachers where true;
    delete from teacherteams where true;INSERT INTO students (firstname,lastname) VALUES(' L├ªrke','Houg├Ñrd');
INSERT INTO students (firstname,lastname) VALUES(' Alba','Koch');
INSERT INTO students (firstname,lastname) VALUES(' Aksel','Vinther');
INSERT INTO students (firstname,lastname) VALUES(' Lucas','Lund');
INSERT INTO students (firstname,lastname) VALUES(' Viggo','Simonsen');
INSERT INTO students (firstname,lastname) VALUES(' Saga','Bjerre');
INSERT INTO students (firstname,lastname) VALUES(' Isabella','Henningsen');
INSERT INTO students (firstname,lastname) VALUES(' Willam','Leth');
INSERT INTO students (firstname,lastname) VALUES(' Lucas','Kj├ªrg├Ñrd');
INSERT INTO students (firstname,lastname) VALUES(' Benjamin','Lorentzen');
INSERT INTO students (firstname,lastname) VALUES(' Sara','Vestergaard');
INSERT INTO students (firstname,lastname) VALUES(' Matheo','Damgaard');
INSERT INTO students (firstname,lastname) VALUES(' Esther','J├©rgensen');
INSERT INTO students (firstname,lastname) VALUES(' Viktor','Kirkeg├Ñrd');
INSERT INTO students (firstname,lastname) VALUES(' Mikkel','Jacobsen');
INSERT INTO students (firstname,lastname) VALUES(' Aksel','Overgaard');
INSERT INTO students (firstname,lastname) VALUES(' Milas','Vestergaard');
INSERT INTO students (firstname,lastname) VALUES(' Ingrid','Hoffmann');
INSERT INTO students (firstname,lastname) VALUES(' August','Schou');
INSERT INTO students (firstname,lastname) VALUES(' Olivia','Hedeg├Ñrd');
INSERT INTO students (firstname,lastname) VALUES(' Erik','Justesen');
INSERT INTO students (firstname,lastname) VALUES(' Viggo','Ali');
INSERT INTO students (firstname,lastname) VALUES(' Ingrid','Nilsson');
INSERT INTO students (firstname,lastname) VALUES(' Otto','Olsen');
INSERT INTO students (firstname,lastname) VALUES(' Saga','Kirkegaard');
INSERT INTO students (firstname,lastname) VALUES(' Frederik','Aagaard');
INSERT INTO students (firstname,lastname) VALUES(' Magne','Lauritsen');
INSERT INTO students (firstname,lastname) VALUES(' Nohr','Andreassen');
INSERT INTO students (firstname,lastname) VALUES(' Anker','Laursen');
INSERT INTO students (firstname,lastname) VALUES(' Oliver','S├©ndergaard');
INSERT INTO students (firstname,lastname) VALUES(' Elias','Schmidt');
INSERT INTO students (firstname,lastname) VALUES(' Christian','Henningsen');
INSERT INTO students (firstname,lastname) VALUES(' Valdemar','Khan');
INSERT INTO students (firstname,lastname) VALUES(' Konrad','Carstensen');
INSERT INTO students (firstname,lastname) VALUES(' Mads','Bisg├Ñrd');
INSERT INTO students (firstname,lastname) VALUES(' Andrea','Jeppesen');
INSERT INTO students (firstname,lastname) VALUES(' Oliver','Frederiksen');
INSERT INTO students (firstname,lastname) VALUES(' Alma','Schultz');
INSERT INTO students (firstname,lastname) VALUES(' Nohr','Poulsen');
INSERT INTO students (firstname,lastname) VALUES(' Esther','Nissen');
INSERT INTO students (firstname,lastname) VALUES(' Alma','S├©gaard');
INSERT INTO students (firstname,lastname) VALUES(' Anna','Lind');
INSERT INTO students (firstname,lastname) VALUES(' Josefine','Thygesen');
INSERT INTO students (firstname,lastname) VALUES(' Esther','Lauritzen');
INSERT INTO students (firstname,lastname) VALUES(' Lauge','Larsen');
INSERT INTO students (firstname,lastname) VALUES(' Malthe','├ÿsterg├Ñrd');
INSERT INTO students (firstname,lastname) VALUES(' Maja','Lorenzen');
INSERT INTO students (firstname,lastname) VALUES(' Isabella','Hoffmann');
INSERT INTO students (firstname,lastname) VALUES(' Felix','Steffensen');
INSERT INTO students (firstname,lastname) VALUES(' Saga','Kj├ªr');
INSERT INTO students (firstname,lastname) VALUES(' Marie','Schr├©der');
INSERT INTO students (firstname,lastname) VALUES(' Ingrid','Svendsen');
INSERT INTO students (firstname,lastname) VALUES(' Emma','Jakobsen');
INSERT INTO students (firstname,lastname) VALUES(' Nora','Justesen');
INSERT INTO students (firstname,lastname) VALUES(' Frida','Bundgaard');
INSERT INTO students (firstname,lastname) VALUES(' Lauge','N├©rgaard');
INSERT INTO students (firstname,lastname) VALUES(' Leonora','Henriksen');
INSERT INTO students (firstname,lastname) VALUES(' Nora','Friis');
INSERT INTO students (firstname,lastname) VALUES(' Maja','Laursen');
INSERT INTO students (firstname,lastname) VALUES(' Otto','Friis');
INSERT INTO students (firstname,lastname) VALUES(' August','S├©gaard');
INSERT INTO students (firstname,lastname) VALUES(' Valdemar','Overgaard');
INSERT INTO students (firstname,lastname) VALUES(' Ingrid','Sommer');
INSERT INTO students (firstname,lastname) VALUES(' Clara','Bak');
INSERT INTO students (firstname,lastname) VALUES(' Matheo','Jespersen');
INSERT INTO students (firstname,lastname) VALUES(' Saga','Pedersen');
INSERT INTO students (firstname,lastname) VALUES(' Oscar','Mathiasen');
INSERT INTO students (firstname,lastname) VALUES(' Asta','Johansson');
INSERT INTO students (firstname,lastname) VALUES(' Nohr','├àg├Ñrd');
INSERT INTO students (firstname,lastname) VALUES(' Gry','Simonsen');
INSERT INTO students (firstname,lastname) VALUES(' Josefine','Kragh');
INSERT INTO students (firstname,lastname) VALUES(' Isabella','Nissen');
INSERT INTO students (firstname,lastname) VALUES(' Adam','Aag├Ñrd');
INSERT INTO students (firstname,lastname) VALUES(' Agnes','Brandt');
INSERT INTO students (firstname,lastname) VALUES(' L├ªrke','├àg├Ñrd');
INSERT INTO students (firstname,lastname) VALUES(' Merle','Leth');
INSERT INTO students (firstname,lastname) VALUES(' Maja','├ÿsterg├Ñrd');
INSERT INTO students (firstname,lastname) VALUES(' Villads','M├©lgaard');
INSERT INTO students (firstname,lastname) VALUES(' Karla','Jespersen');
INSERT INTO students (firstname,lastname) VALUES(' Mille','Laursen');
INSERT INTO students (firstname,lastname) VALUES(' Isabella','Th├©gersen');
INSERT INTO students (firstname,lastname) VALUES(' Felix','Mortensen');
INSERT INTO students (firstname,lastname) VALUES(' Theodor','Steffensen');
INSERT INTO students (firstname,lastname) VALUES(' Konrad','Pedersen');
INSERT INTO students (firstname,lastname) VALUES(' Emily','Johannesen');
INSERT INTO students (firstname,lastname) VALUES(' Lauge','Aagaard');
INSERT INTO students (firstname,lastname) VALUES(' Aksel','Lauritsen');
INSERT INTO students (firstname,lastname) VALUES(' Valdemar','Hemmingsen');
INSERT INTO students (firstname,lastname) VALUES(' Felix','Jacobsen');
INSERT INTO students (firstname,lastname) VALUES(' Alexander','S├©ndergaard');
INSERT INTO students (firstname,lastname) VALUES(' Villads','Overg├Ñrd');
INSERT INTO students (firstname,lastname) VALUES(' Aya','Paulsen');
INSERT INTO students (firstname,lastname) VALUES(' Ida','Bundg├Ñrd');
INSERT INTO students (firstname,lastname) VALUES(' Albert','Gregersen');
INSERT INTO students (firstname,lastname) VALUES(' Arthur','Nikolajsen');
INSERT INTO students (firstname,lastname) VALUES(' Noah','Bundgaard');
INSERT INTO students (firstname,lastname) VALUES(' Alfred','N├©rgaard');
INSERT INTO students (firstname,lastname) VALUES(' Isabella','Jepsen');
INSERT INTO students (firstname,lastname) VALUES(' Sofie','Brodersen');
INSERT INTO students (firstname,lastname) VALUES(' Adam','Lauritsen');
INSERT INTO students (firstname,lastname) VALUES(' Mille','Jensen');
INSERT INTO students (firstname,lastname) VALUES(' Ellie','Schou');
INSERT INTO students (firstname,lastname) VALUES(' Konrad','Thygesen');
INSERT INTO students (firstname,lastname) VALUES(' Elias','Bundg├Ñrd');
INSERT INTO students (firstname,lastname) VALUES(' Emily','Ahmad');
INSERT INTO students (firstname,lastname) VALUES(' Sara','Kristoffersen');
INSERT INTO students (firstname,lastname) VALUES(' Aksel','Johansson');
INSERT INTO students (firstname,lastname) VALUES(' Theo','Leth');
INSERT INTO students (firstname,lastname) VALUES(' Albert','Brandt');
INSERT INTO students (firstname,lastname) VALUES(' Alba','Jakobsen');
INSERT INTO students (firstname,lastname) VALUES(' Ellie','Brodersen');
INSERT INTO students (firstname,lastname) VALUES(' Sofie','Kjeldsen');
INSERT INTO students (firstname,lastname) VALUES(' Emil','Jespersen');
INSERT INTO students (firstname,lastname) VALUES(' Erik','Knudsen');
INSERT INTO students (firstname,lastname) VALUES(' Frida','Winther');
INSERT INTO students (firstname,lastname) VALUES(' Adam','Gade');
INSERT INTO students (firstname,lastname) VALUES(' Lea','Kofoed');
INSERT INTO students (firstname,lastname) VALUES(' Konrad','J├©rgensen');
INSERT INTO students (firstname,lastname) VALUES(' Milas','Juul');
INSERT INTO students (firstname,lastname) VALUES(' Asger','J├©nsson');
INSERT INTO students (firstname,lastname) VALUES(' Emilie','Kofoed');
INSERT INTO students (firstname,lastname) VALUES(' Arthur','Th├©gersen');
INSERT INTO students (firstname,lastname) VALUES(' Otto','Bang');
INSERT INTO students (firstname,lastname) VALUES(' Lucas','Koch');
INSERT INTO students (firstname,lastname) VALUES(' Clara','Lindberg');
INSERT INTO students (firstname,lastname) VALUES(' Villum','Kristiansen');
INSERT INTO students (firstname,lastname) VALUES(' Alfred','Carstensen');
INSERT INTO students (firstname,lastname) VALUES(' Lauge','Kj├ªrg├Ñrd');
INSERT INTO students (firstname,lastname) VALUES(' Felix','Thorsen');
INSERT INTO students (firstname,lastname) VALUES(' Andrea','Schou');
INSERT INTO students (firstname,lastname) VALUES(' Mikkel','Skovg├Ñrd');
INSERT INTO students (firstname,lastname) VALUES(' Villum','Juhl');
INSERT INTO students (firstname,lastname) VALUES(' L├ªrke','Asmussen');
INSERT INTO students (firstname,lastname) VALUES(' Clara','Olsen');
INSERT INTO students (firstname,lastname) VALUES(' Storm','Nikolajsen');
INSERT INTO students (firstname,lastname) VALUES(' August','Schou');
INSERT INTO students (firstname,lastname) VALUES(' Frida','Aag├Ñrd');
INSERT INTO students (firstname,lastname) VALUES(' Liv','Buch');
INSERT INTO students (firstname,lastname) VALUES(' Milas','Kruse');
INSERT INTO students (firstname,lastname) VALUES(' Leonora','Andreassen');
INSERT INTO students (firstname,lastname) VALUES(' Aksel','Buch');
INSERT INTO students (firstname,lastname) VALUES(' L├ªrke','Madsen');
INSERT INTO students (firstname,lastname) VALUES(' Anton','Dam');
INSERT INTO students (firstname,lastname) VALUES(' Emilie','Dalsgaard');
INSERT INTO students (firstname,lastname) VALUES(' Mads','Hermansen');
INSERT INTO students (firstname,lastname) VALUES(' Johan','Mogensen');
INSERT INTO students (firstname,lastname) VALUES(' Lea','Jeppesen');
INSERT INTO students (firstname,lastname) VALUES(' Magnus','Carstensen');
INSERT INTO students (firstname,lastname) VALUES(' Freja','Sommer');
INSERT INTO students (firstname,lastname) VALUES(' Albert','Bjerreg├Ñrd');
INSERT INTO students (firstname,lastname) VALUES(' Liv','Thorsen');
INSERT INTO students (firstname,lastname) VALUES(' Valdemar','Frederiksen');
INSERT INTO students (firstname,lastname) VALUES(' Leonora','Kirkegaard');
INSERT INTO students (firstname,lastname) VALUES(' Ella','Lauritzen');
INSERT INTO students (firstname,lastname) VALUES(' Konrad','Sommer');
INSERT INTO students (firstname,lastname) VALUES(' Rosa','Henriksen');
INSERT INTO students (firstname,lastname) VALUES(' Mille','Frederiksen');
INSERT INTO students (firstname,lastname) VALUES(' Hannah','Paulsen');
INSERT INTO students (firstname,lastname) VALUES(' Mille','Karlsen');
INSERT INTO students (firstname,lastname) VALUES(' Mille','Thygesen');
INSERT INTO students (firstname,lastname) VALUES(' Ida','Clausen');
INSERT INTO students (firstname,lastname) VALUES(' Carl','Fischer');
INSERT INTO students (firstname,lastname) VALUES(' Emma','Poulsen');
INSERT INTO students (firstname,lastname) VALUES(' Sofie','Storm');
INSERT INTO students (firstname,lastname) VALUES(' Lea','N├©rgaard');
INSERT INTO students (firstname,lastname) VALUES(' Elliot','Jespersen');
INSERT INTO students (firstname,lastname) VALUES(' Benjamin','Rasmussen');
INSERT INTO students (firstname,lastname) VALUES(' Carl','Kj├ªr');
INSERT INTO students (firstname,lastname) VALUES(' Milas','Skov');
INSERT INTO students (firstname,lastname) VALUES(' Willam','Nielsen');
INSERT INTO students (firstname,lastname) VALUES(' Signe','Mikkelsen');
INSERT INTO students (firstname,lastname) VALUES(' Josefine','Asmussen');
INSERT INTO students (firstname,lastname) VALUES(' Freja','Sommer');
INSERT INTO students (firstname,lastname) VALUES(' Milas','Kirkegaard');
INSERT INTO students (firstname,lastname) VALUES(' Nohr','Andreassen');
INSERT INTO students (firstname,lastname) VALUES(' Konrad','Munch');
INSERT INTO students (firstname,lastname) VALUES(' Aksel','Meyer');
INSERT INTO students (firstname,lastname) VALUES(' Ingrid','J├©nsson');
INSERT INTO students (firstname,lastname) VALUES(' Olivia','Meyer');
INSERT INTO students (firstname,lastname) VALUES(' Marie','Gregersen');
INSERT INTO students (firstname,lastname) VALUES(' Liv','Steffensen');
INSERT INTO students (firstname,lastname) VALUES(' Maja','Hedegaard');
INSERT INTO students (firstname,lastname) VALUES(' Felix','Vinther');
INSERT INTO students (firstname,lastname) VALUES(' Emily','Karlsen');
INSERT INTO students (firstname,lastname) VALUES(' Asta','Schr├©der');
INSERT INTO students (firstname,lastname) VALUES(' Oliver','Ravn');
INSERT INTO students (firstname,lastname) VALUES(' Valdemar','Brandt');
INSERT INTO students (firstname,lastname) VALUES(' Elliot','Kj├ªrgaard');
INSERT INTO students (firstname,lastname) VALUES(' Agnes','Schr├©der');
INSERT INTO students (firstname,lastname) VALUES(' Erik','├ÿsterg├Ñrd');
INSERT INTO students (firstname,lastname) VALUES(' Loui','Jessen');
INSERT INTO students (firstname,lastname) VALUES(' Luna','Schou');
INSERT INTO students (firstname,lastname) VALUES(' Gry','Lund');
INSERT INTO students (firstname,lastname) VALUES(' Alexander','Nikolajsen');
INSERT INTO students (firstname,lastname) VALUES(' August','Overgaard');
INSERT INTO students (firstname,lastname) VALUES(' Emily','Lind');
INSERT INTO students (firstname,lastname) VALUES(' Mille','Krog');
INSERT INTO students (firstname,lastname) VALUES(' Lucas','Schmidt');
INSERT INTO students (firstname,lastname) VALUES(' Marius','Jespersen');
INSERT INTO students (firstname,lastname) VALUES(' Magne','Damgaard');
INSERT INTO students (firstname,lastname) VALUES(' Signe','Holst');
INSERT INTO students (firstname,lastname) VALUES(' Molly','Bak');
INSERT INTO students (firstname,lastname) VALUES(' Ellen','Berg');
INSERT INTO students (firstname,lastname) VALUES(' Otto','Vestergaard');
INSERT INTO students (firstname,lastname) VALUES(' Nora','S├©ndergaard');
INSERT INTO students (firstname,lastname) VALUES(' Liva','Thomassen');
INSERT INTO students (firstname,lastname) VALUES(' Sara','Asmussen');
INSERT INTO students (firstname,lastname) VALUES(' Emma','Beck');
INSERT INTO students (firstname,lastname) VALUES(' Elias','Christoffersen');
INSERT INTO students (firstname,lastname) VALUES(' Albert','Hedeg├Ñrd');
INSERT INTO students (firstname,lastname) VALUES(' Marie','Larsen');
INSERT INTO students (firstname,lastname) VALUES(' Maja','Beck');
INSERT INTO students (firstname,lastname) VALUES(' Viktor','Dam');
INSERT INTO students (firstname,lastname) VALUES(' Ida','├àg├Ñrd');
INSERT INTO students (firstname,lastname) VALUES(' Theodor','Hansen');
INSERT INTO students (firstname,lastname) VALUES(' Viktor','S├©nderg├Ñrd');
INSERT INTO students (firstname,lastname) VALUES(' Elliot','Bak');
INSERT INTO students (firstname,lastname) VALUES(' Sofia','Steffensen');
INSERT INTO students (firstname,lastname) VALUES(' August','Henriksen');
INSERT INTO students (firstname,lastname) VALUES(' L├ªrke','Gregersen');
INSERT INTO students (firstname,lastname) VALUES(' Elliot','Riis');
INSERT INTO students (firstname,lastname) VALUES(' Alexander','Frost');
INSERT INTO students (firstname,lastname) VALUES(' Magnus','Hoffmann');
INSERT INTO students (firstname,lastname) VALUES(' Hugo','Larsen');
INSERT INTO students (firstname,lastname) VALUES(' Matheo','Frederiksen');
INSERT INTO students (firstname,lastname) VALUES(' Anna','M├©lg├Ñrd');
INSERT INTO students (firstname,lastname) VALUES(' Aya','Iversen');
INSERT INTO students (firstname,lastname) VALUES(' Alberte','Mikkelsen');
INSERT INTO students (firstname,lastname) VALUES(' Marie','Nissen');
INSERT INTO students (firstname,lastname) VALUES(' Aya','Toft');
INSERT INTO students (firstname,lastname) VALUES(' Liv','Andersson');
INSERT INTO students (firstname,lastname) VALUES(' Astrid','Andresen');
INSERT INTO students (firstname,lastname) VALUES(' Sara','Christiansen');
INSERT INTO students (firstname,lastname) VALUES(' Otto','Kj├ªrgaard');
INSERT INTO students (firstname,lastname) VALUES(' Saga','Dam');
INSERT INTO students (firstname,lastname) VALUES(' Victoria','Riis');
INSERT INTO students (firstname,lastname) VALUES(' Erik','Meyer');
INSERT INTO students (firstname,lastname) VALUES(' Erik','Johansen');
INSERT INTO students (firstname,lastname) VALUES(' Rosa','N├©rg├Ñrd');
INSERT INTO students (firstname,lastname) VALUES(' Josefine','Hougaard');
INSERT INTO students (firstname,lastname) VALUES(' Marius','Markussen');
INSERT INTO students (firstname,lastname) VALUES(' Milas','Hjorth');
INSERT INTO students (firstname,lastname) VALUES(' Alberte','Friis');
INSERT INTO students (firstname,lastname) VALUES(' Elliot','Beck');
INSERT INTO students (firstname,lastname) VALUES(' Freja','Skov');
INSERT INTO students (firstname,lastname) VALUES(' Lea','Dahl');
INSERT INTO students (firstname,lastname) VALUES(' Noah','Kirkeg├Ñrd');
INSERT INTO students (firstname,lastname) VALUES(' Albert','Bonde');
INSERT INTO students (firstname,lastname) VALUES(' Ellie','Krog');
INSERT INTO students (firstname,lastname) VALUES(' Malthe','Riis');
INSERT INTO students (firstname,lastname) VALUES(' Alma','Kristensen');
INSERT INTO students (firstname,lastname) VALUES(' Viggo','Juhl');
INSERT INTO students (firstname,lastname) VALUES(' Elias','Klausen');
INSERT INTO students (firstname,lastname) VALUES(' Nora','Laursen');
INSERT INTO students (firstname,lastname) VALUES(' Adam','Dalgaard');
INSERT INTO students (firstname,lastname) VALUES(' Hannah','Bertelsen');
INSERT INTO students (firstname,lastname) VALUES(' Alexander','Bach');
INSERT INTO students (firstname,lastname) VALUES(' Emil','Lauritsen');
INSERT INTO students (firstname,lastname) VALUES(' Mathilde','Ali');
INSERT INTO students (firstname,lastname) VALUES(' Asger','Vinther');
INSERT INTO students (firstname,lastname) VALUES(' Emily','Toft');
INSERT INTO students (firstname,lastname) VALUES(' Loui','Berg');
INSERT INTO students (firstname,lastname) VALUES(' Emily','Kristiansen');
INSERT INTO students (firstname,lastname) VALUES(' Elliot','Jepsen');
INSERT INTO students (firstname,lastname) VALUES(' Theo','Toft');
INSERT INTO students (firstname,lastname) VALUES(' Josefine','Juul');
INSERT INTO students (firstname,lastname) VALUES(' Emma','Kruse');
INSERT INTO students (firstname,lastname) VALUES(' Villads','Vestergaard');
INSERT INTO students (firstname,lastname) VALUES(' Noah','Hedegaard');
INSERT INTO students (firstname,lastname) VALUES(' Alma','Khan');
INSERT INTO students (firstname,lastname) VALUES(' Anton','Olesen');
INSERT INTO students (firstname,lastname) VALUES(' Asta','Skovgaard');
INSERT INTO students (firstname,lastname) VALUES(' Valdemar','M├©lg├Ñrd');
INSERT INTO students (firstname,lastname) VALUES(' Villum','Sommer');
INSERT INTO students (firstname,lastname) VALUES(' Magne','Frederiksen');
INSERT INTO students (firstname,lastname) VALUES(' Victoria','Khan');
INSERT INTO students (firstname,lastname) VALUES(' Freja','Beck');
INSERT INTO students (firstname,lastname) VALUES(' Molly','Lorentzen');
INSERT INTO students (firstname,lastname) VALUES(' Ella','Thomassen');
INSERT INTO students (firstname,lastname) VALUES(' Sofie','Svendsen');
INSERT INTO students (firstname,lastname) VALUES(' Ida','Meyer');
INSERT INTO students (firstname,lastname) VALUES(' Alberte','Andresen');
INSERT INTO students (firstname,lastname) VALUES(' Elias','Johannsen');
INSERT INTO students (firstname,lastname) VALUES(' Pelle','Nilsson');
INSERT INTO students (firstname,lastname) VALUES(' Marie','Andersen');
INSERT INTO students (firstname,lastname) VALUES(' Emma','Bjerreg├Ñrd');
INSERT INTO students (firstname,lastname) VALUES(' Christian','Kragh');
INSERT INTO students (firstname,lastname) VALUES(' Milas','Juul');
INSERT INTO students (firstname,lastname) VALUES(' Theo','Svensson');
INSERT INTO students (firstname,lastname) VALUES(' Astrid','Enevoldsen');
INSERT INTO students (firstname,lastname) VALUES(' Frida','Andersson');
INSERT INTO students (firstname,lastname) VALUES(' Isabella','Sloth');
INSERT INTO students (firstname,lastname) VALUES(' Sebastian','Bundgaard');
INSERT INTO students (firstname,lastname) VALUES(' Ellie','Justesen');
INSERT INTO students (firstname,lastname) VALUES(' Theodor','Christiansen');
INSERT INTO students (firstname,lastname) VALUES(' Hugo','Nikolajsen');
INSERT INTO students (firstname,lastname) VALUES(' Alma','Eskildsen');
INSERT INTO students (firstname,lastname) VALUES(' Alfred','S├©ndergaard');
INSERT INTO students (firstname,lastname) VALUES(' Aya','Nielsen');
INSERT INTO students (firstname,lastname) VALUES(' Felix','Kj├ªr');
INSERT INTO students (firstname,lastname) VALUES(' Adam','Th├©gersen');
INSERT INTO students (firstname,lastname) VALUES(' Storm','Bertelsen');
INSERT INTO students (firstname,lastname) VALUES(' Saga','Rasmussen');
INSERT INTO students (firstname,lastname) VALUES(' Benjamin','Nilsson');
INSERT INTO students (firstname,lastname) VALUES(' Luna','Ahmad');
INSERT INTO students (firstname,lastname) VALUES(' Anton','Vinther');
INSERT INTO students (firstname,lastname) VALUES(' Otto','Johannsen');
INSERT INTO students (firstname,lastname) VALUES(' Karla','Lund');
INSERT INTO students (firstname,lastname) VALUES(' Sofia','Kristiansen');
INSERT INTO students (firstname,lastname) VALUES(' Frida','Bruun');
INSERT INTO students (firstname,lastname) VALUES(' Carl','Vestergaard');
INSERT INTO students (firstname,lastname) VALUES(' Emil','Mohamed');
INSERT INTO students (firstname,lastname) VALUES(' Elliot','Nguyen');
INSERT INTO students (firstname,lastname) VALUES(' Liva','Poulsen');
INSERT INTO students (firstname,lastname) VALUES(' Alma','Hemmingsen');
INSERT INTO students (firstname,lastname) VALUES(' Sara','Kj├ªrg├Ñrd');
INSERT INTO students (firstname,lastname) VALUES(' Oscar','Iversen');
INSERT INTO students (firstname,lastname) VALUES(' Matheo','Skov');
INSERT INTO students (firstname,lastname) VALUES(' Nora','Kofoed');
INSERT INTO students (firstname,lastname) VALUES(' Mads','Hemmingsen');
INSERT INTO students (firstname,lastname) VALUES(' Lea','Munch');
INSERT INTO students (firstname,lastname) VALUES(' Sofie','Kruse');
INSERT INTO students (firstname,lastname) VALUES(' Karla','Lind');
INSERT INTO students (firstname,lastname) VALUES(' Marius','Lund');
INSERT INTO students (firstname,lastname) VALUES(' Ellen','M├╝ller');
INSERT INTO students (firstname,lastname) VALUES(' Sofia','M├©lg├Ñrd');
INSERT INTO students (firstname,lastname) VALUES(' Nora','Lauritzen');
INSERT INTO students (firstname,lastname) VALUES(' Oscar','Vestergaard');
INSERT INTO students (firstname,lastname) VALUES(' Storm','Munch');
INSERT INTO students (firstname,lastname) VALUES(' Asta','Andreasen');
INSERT INTO students (firstname,lastname) VALUES(' Viktor','Kj├ªr');
INSERT INTO students (firstname,lastname) VALUES(' Sebastian','Skovg├Ñrd');
INSERT INTO students (firstname,lastname) VALUES(' Konrad','Kirkegaard');
INSERT INTO students (firstname,lastname) VALUES(' Agnes','Jensen');
INSERT INTO students (firstname,lastname) VALUES(' Villads','Riis');
INSERT INTO students (firstname,lastname) VALUES(' Laura','Kragh');
INSERT INTO students (firstname,lastname) VALUES(' Theo','Danielsen');
INSERT INTO students (firstname,lastname) VALUES(' Luna','Th├©gersen');
INSERT INTO students (firstname,lastname) VALUES(' Ida','Andreasen');
INSERT INTO students (firstname,lastname) VALUES(' Nohr','Lund');
INSERT INTO students (firstname,lastname) VALUES(' Aya','Frost');
INSERT INTO students (firstname,lastname) VALUES(' Asta','Hjorth');
INSERT INTO students (firstname,lastname) VALUES(' Ellie','Ravn');
INSERT INTO students (firstname,lastname) VALUES(' Emily','Frandsen');
INSERT INTO students (firstname,lastname) VALUES(' Lily','Bendtsen');
INSERT INTO students (firstname,lastname) VALUES(' Isabella','Olsson');
INSERT INTO students (firstname,lastname) VALUES(' Rosa','Damgaard');
INSERT INTO students (firstname,lastname) VALUES(' Viggo','Carstensen');
INSERT INTO students (firstname,lastname) VALUES(' Loui','Juhl');
INSERT INTO students (firstname,lastname) VALUES(' Noah','Bruun');
INSERT INTO students (firstname,lastname) VALUES(' Karla','Asmussen');
INSERT INTO students (firstname,lastname) VALUES(' Signe','Knudsen');
INSERT INTO students (firstname,lastname) VALUES(' Anker','Holst');
INSERT INTO students (firstname,lastname) VALUES(' Aya','Thorsen');
INSERT INTO students (firstname,lastname) VALUES(' Alba','Svensson');
INSERT INTO students (firstname,lastname) VALUES(' Isabella','Ahmad');
INSERT INTO students (firstname,lastname) VALUES(' Agnes','Hedegaard');
INSERT INTO students (firstname,lastname) VALUES(' Storm','Kjeldsen');
INSERT INTO students (firstname,lastname) VALUES(' Maja','Skov');
INSERT INTO students (firstname,lastname) VALUES(' Hugo','Bendtsen');
INSERT INTO students (firstname,lastname) VALUES(' Molly','Sommer');
INSERT INTO students (firstname,lastname) VALUES(' Elias','Madsen');
INSERT INTO students (firstname,lastname) VALUES(' Andrea','Simonsen');
INSERT INTO students (firstname,lastname) VALUES(' Storm','Holm');
INSERT INTO students (firstname,lastname) VALUES(' Alba','Overgaard');
INSERT INTO students (firstname,lastname) VALUES(' Benjamin','Berg');
INSERT INTO students (firstname,lastname) VALUES(' Liam','Storm');
INSERT INTO students (firstname,lastname) VALUES(' Nora','Nikolajsen');
INSERT INTO students (firstname,lastname) VALUES(' Villads','Bech');
INSERT INTO students (firstname,lastname) VALUES(' Alberte','Thomsen');
INSERT INTO students (firstname,lastname) VALUES(' Mads','Simonsen');
INSERT INTO students (firstname,lastname) VALUES(' Clara','Olsson');
INSERT INTO students (firstname,lastname) VALUES(' Ida','N├©rg├Ñrd');
INSERT INTO students (firstname,lastname) VALUES(' Victoria','Andresen');
INSERT INTO students (firstname,lastname) VALUES(' Aksel','Mohamed');
INSERT INTO students (firstname,lastname) VALUES(' Frederik','Damgaard');
INSERT INTO students (firstname,lastname) VALUES(' Lauge','Bundgaard');
INSERT INTO students (firstname,lastname) VALUES(' Agnes','Kristensen');
INSERT INTO students (firstname,lastname) VALUES(' Ellie','Simonsen');
INSERT INTO students (firstname,lastname) VALUES(' Albert','Paulsen');
INSERT INTO students (firstname,lastname) VALUES(' Liv','Andreassen');
INSERT INTO students (firstname,lastname) VALUES(' Malthe','Dalg├Ñrd');
INSERT INTO students (firstname,lastname) VALUES(' Oscar','M├©ller');
INSERT INTO students (firstname,lastname) VALUES(' Ella','Krogh');
INSERT INTO students (firstname,lastname) VALUES(' Sofia','Svensson');
INSERT INTO students (firstname,lastname) VALUES(' Elliot','Simonsen');
INSERT INTO students (firstname,lastname) VALUES(' Agnes','├àgaard');
INSERT INTO students (firstname,lastname) VALUES(' Nora','Olesen');
INSERT INTO students (firstname,lastname) VALUES(' Astrid','Clausen');
INSERT INTO students (firstname,lastname) VALUES(' Frida','Th├©gersen');
INSERT INTO students (firstname,lastname) VALUES(' Nohr','Koch');
INSERT INTO students (firstname,lastname) VALUES(' Alba','Mathiasen');
INSERT INTO students (firstname,lastname) VALUES(' Magne','Kj├ªrg├Ñrd');
INSERT INTO students (firstname,lastname) VALUES(' Asger','Nielsen');
INSERT INTO students (firstname,lastname) VALUES(' Oscar','├ÿsterg├Ñrd');
INSERT INTO students (firstname,lastname) VALUES(' Willam','Meyer');
INSERT INTO students (firstname,lastname) VALUES(' Nora','Lund');
INSERT INTO students (firstname,lastname) VALUES(' August','Andreasen');
INSERT INTO students (firstname,lastname) VALUES(' Storm','Henningsen');
INSERT INTO students (firstname,lastname) VALUES(' Emil','Frandsen');
INSERT INTO students (firstname,lastname) VALUES(' Otto','Gregersen');
INSERT INTO students (firstname,lastname) VALUES(' Asta','Iversen');
INSERT INTO students (firstname,lastname) VALUES(' Frida','Bertelsen');
INSERT INTO students (firstname,lastname) VALUES(' Ida','Buch');
INSERT INTO students (firstname,lastname) VALUES(' Oliver','Sloth');
INSERT INTO students (firstname,lastname) VALUES(' Anker','Skov');
INSERT INTO students (firstname,lastname) VALUES(' Liva','M├©lgaard');
INSERT INTO students (firstname,lastname) VALUES(' Andrea','Khan');
INSERT INTO students (firstname,lastname) VALUES(' Marie','Johansson');
INSERT INTO students (firstname,lastname) VALUES(' Liva','Buch');
INSERT INTO students (firstname,lastname) VALUES(' Felix','Lorenzen');
INSERT INTO students (firstname,lastname) VALUES(' Loui','Kruse');
INSERT INTO students (firstname,lastname) VALUES(' Luna','Vesterg├Ñrd');
INSERT INTO students (firstname,lastname) VALUES(' Merle','Mathiesen');
INSERT INTO students (firstname,lastname) VALUES(' Alma','Ravn');
INSERT INTO students (firstname,lastname) VALUES(' Magne','Christensen');
INSERT INTO students (firstname,lastname) VALUES(' Alma','Holst');
INSERT INTO students (firstname,lastname) VALUES(' Marie','Ibsen');
INSERT INTO students (firstname,lastname) VALUES(' Viktor','Ali');
INSERT INTO students (firstname,lastname) VALUES(' Mathilde','Christensen');
INSERT INTO students (firstname,lastname) VALUES(' Leonora','Vestergaard');
INSERT INTO students (firstname,lastname) VALUES(' Johan','Eskildsen');
INSERT INTO students (firstname,lastname) VALUES(' Noah','Madsen');
INSERT INTO students (firstname,lastname) VALUES(' Theodor','Hassan');
INSERT INTO students (firstname,lastname) VALUES(' Rosa','Hoffmann');
INSERT INTO students (firstname,lastname) VALUES(' Andrea','Andersen');
INSERT INTO students (firstname,lastname) VALUES(' Molly','Hoffmann');
INSERT INTO students (firstname,lastname) VALUES(' Villads','Ibsen');
INSERT INTO students (firstname,lastname) VALUES(' Emilie','Persson');
INSERT INTO students (firstname,lastname) VALUES(' Emil','N├©rg├Ñrd');
INSERT INTO students (firstname,lastname) VALUES(' Malthe','Nilsson');
INSERT INTO students (firstname,lastname) VALUES(' Signe','Bak');
INSERT INTO students (firstname,lastname) VALUES(' Storm','Olsen');
INSERT INTO students (firstname,lastname) VALUES(' Astrid','Leth');
INSERT INTO students (firstname,lastname) VALUES(' Matheo','Kj├ªrgaard');
INSERT INTO students (firstname,lastname) VALUES(' Elias','Brandt');
INSERT INTO students (firstname,lastname) VALUES(' Merle','Ali');
INSERT INTO students (firstname,lastname) VALUES(' Mikkel','Michelsen');
INSERT INTO students (firstname,lastname) VALUES(' Theo','Berthelsen');
INSERT INTO students (firstname,lastname) VALUES(' Astrid','Overg├Ñrd');
INSERT INTO students (firstname,lastname) VALUES(' Molly','Kj├ªr');
INSERT INTO students (firstname,lastname) VALUES(' Matheo','Mogensen');
INSERT INTO students (firstname,lastname) VALUES(' Vilma','Olsson');
INSERT INTO students (firstname,lastname) VALUES(' Asger','Hougaard');
INSERT INTO students (firstname,lastname) VALUES(' Milas','Th├©gersen');
INSERT INTO students (firstname,lastname) VALUES(' Victoria','Bach');
INSERT INTO students (firstname,lastname) VALUES(' Benjamin','Kirkeg├Ñrd');
INSERT INTO students (firstname,lastname) VALUES(' Valdemar','Skovg├Ñrd');
INSERT INTO students (firstname,lastname) VALUES(' Mathilde','Th├©gersen');
INSERT INTO students (firstname,lastname) VALUES(' Sebastian','M├╝ller');
INSERT INTO students (firstname,lastname) VALUES(' Johan','Berg');
INSERT INTO students (firstname,lastname) VALUES(' Clara','Leth');
INSERT INTO students (firstname,lastname) VALUES(' Malthe','Overg├Ñrd');
INSERT INTO students (firstname,lastname) VALUES(' Oscar','Carstensen');
INSERT INTO students (firstname,lastname) VALUES(' Storm','Overgaard');
INSERT INTO students (firstname,lastname) VALUES(' Otto','Hjorth');
INSERT INTO students (firstname,lastname) VALUES(' Clara','Henriksen');
INSERT INTO students (firstname,lastname) VALUES(' Alma','Kruse');
INSERT INTO students (firstname,lastname) VALUES(' Nohr','Mogensen');
INSERT INTO students (firstname,lastname) VALUES(' Vilma','Krog');
INSERT INTO students (firstname,lastname) VALUES(' Saga','Bach');
INSERT INTO students (firstname,lastname) VALUES(' Alexander','Villadsen');
INSERT INTO students (firstname,lastname) VALUES(' Karla','├ÿsterg├Ñrd');
INSERT INTO students (firstname,lastname) VALUES(' Magnus','Krog');
INSERT INTO students (firstname,lastname) VALUES(' Konrad','Knudsen');
INSERT INTO students (firstname,lastname) VALUES(' August','Hemmingsen');
INSERT INTO students (firstname,lastname) VALUES(' Johan','Holst');
INSERT INTO students (firstname,lastname) VALUES(' Nora','Th├©gersen');
INSERT INTO students (firstname,lastname) VALUES(' Willam','Bisgaard');
INSERT INTO students (firstname,lastname) VALUES(' Adam','Dalgaard');
INSERT INTO students (firstname,lastname) VALUES(' Oliver','Beck');
INSERT INTO students (firstname,lastname) VALUES(' Saga','Hemmingsen');
INSERT INTO students (firstname,lastname) VALUES(' Aksel','Bech');
INSERT INTO students (firstname,lastname) VALUES(' Pelle','Mortensen');
INSERT INTO students (firstname,lastname) VALUES(' Aya','Hansen');
INSERT INTO students (firstname,lastname) VALUES(' Frederik','Hassan');
INSERT INTO students (firstname,lastname) VALUES(' Magnus','Petersen');
INSERT INTO students (firstname,lastname) VALUES(' Malthe','Juhl');
INSERT INTO students (firstname,lastname) VALUES(' Emma','Laursen');
INSERT INTO students (firstname,lastname) VALUES(' Oliver','Ibsen');
INSERT INTO students (firstname,lastname) VALUES(' Liva','├àg├Ñrd');
INSERT INTO students (firstname,lastname) VALUES(' Gry','Mohamed');
INSERT INTO students (firstname,lastname) VALUES(' Nohr','Jensen');
INSERT INTO students (firstname,lastname) VALUES(' Lauge','Ahmed');
INSERT INTO students (firstname,lastname) VALUES(' Loui','Hassan');
INSERT INTO students (firstname,lastname) VALUES(' Alfred','Kristoffersen');
INSERT INTO students (firstname,lastname) VALUES(' Carl','Berthelsen');
INSERT INTO students (firstname,lastname) VALUES(' Asta','Dalsg├Ñrd');
INSERT INTO students (firstname,lastname) VALUES(' Olivia','Knudsen');
INSERT INTO students (firstname,lastname) VALUES(' Frederik','Bisgaard');
INSERT INTO students (firstname,lastname) VALUES(' Josefine','Aagaard');
INSERT INTO students (firstname,lastname) VALUES(' Marius','Damg├Ñrd');
INSERT INTO students (firstname,lastname) VALUES(' Emil','Dam');
INSERT INTO students (firstname,lastname) VALUES(' Oscar','Brodersen');
INSERT INTO students (firstname,lastname) VALUES(' Loui','Fischer');
INSERT INTO students (firstname,lastname) VALUES(' Viktor','Dalsg├Ñrd');
INSERT INTO students (firstname,lastname) VALUES(' Alberte','M├©lgaard');
INSERT INTO students (firstname,lastname) VALUES(' Viktor','Carstensen');
INSERT INTO students (firstname,lastname) VALUES(' Villum','Kj├ªrgaard');
INSERT INTO students (firstname,lastname) VALUES(' Emily','Carlsen');
INSERT INTO students (firstname,lastname) VALUES(' Karla','Lauridsen');
INSERT INTO students (firstname,lastname) VALUES(' Marie','Lauridsen');
INSERT INTO students (firstname,lastname) VALUES(' Clara','Vestergaard');
INSERT INTO students (firstname,lastname) VALUES(' Ingrid','Dalsgaard');
INSERT INTO students (firstname,lastname) VALUES(' Mikkel','Berg');
INSERT INTO students (firstname,lastname) VALUES(' Ida','Ravn');
INSERT INTO students (firstname,lastname) VALUES(' Oliver','Bach');
INSERT INTO students (firstname,lastname) VALUES(' Anton','Danielsen');
INSERT INTO students (firstname,lastname) VALUES(' Aya','Holst');
INSERT INTO students (firstname,lastname) VALUES(' Anker','Schmidt');
INSERT INTO students (firstname,lastname) VALUES(' Saga','S├©nderg├Ñrd');
INSERT INTO students (firstname,lastname) VALUES(' Maja','Gregersen');
INSERT INTO students (firstname,lastname) VALUES(' Marie','Ahmad');
INSERT INTO students (firstname,lastname) VALUES(' Ida','Hougaard');
INSERT INTO students (firstname,lastname) VALUES(' Johan','Dalgaard');
INSERT INTO students (firstname,lastname) VALUES(' Alma','Kirkegaard');
INSERT INTO students (firstname,lastname) VALUES(' Esther','Paulsen');
INSERT INTO students (firstname,lastname) VALUES(' Johan','Skov');
INSERT INTO students (firstname,lastname) VALUES(' Gry','Hemmingsen');
INSERT INTO students (firstname,lastname) VALUES(' Ella','Bach');
INSERT INTO students (firstname,lastname) VALUES(' Rosa','Carlsen');
INSERT INTO students (firstname,lastname) VALUES(' Pelle','Overgaard');
INSERT INTO students (firstname,lastname) VALUES(' Esther','Nygaard');
INSERT INTO students (firstname,lastname) VALUES(' Lucas','Thygesen');
INSERT INTO students (firstname,lastname) VALUES(' Konrad','Bundg├Ñrd');
INSERT INTO students (firstname,lastname) VALUES(' Lauge','Aag├Ñrd');
INSERT INTO students (firstname,lastname) VALUES(' Marie','Bjerreg├Ñrd');
INSERT INTO students (firstname,lastname) VALUES(' Theo','Berthelsen');
INSERT INTO students (firstname,lastname) VALUES(' Karla','M├©ller');
INSERT INTO students (firstname,lastname) VALUES(' Emilie','Damg├Ñrd');
INSERT INTO students (firstname,lastname) VALUES(' Hannah','Jespersen');
INSERT INTO students (firstname,lastname) VALUES(' Mille','Frandsen');
INSERT INTO students (firstname,lastname) VALUES(' Mikkel','J├©nsson');
INSERT INTO students (firstname,lastname) VALUES(' Alfred','Paulsen');
INSERT INTO students (firstname,lastname) VALUES(' L├ªrke','Bundgaard');
INSERT INTO students (firstname,lastname) VALUES(' Benjamin','Ali');
INSERT INTO students (firstname,lastname) VALUES(' Matheo','Mathiasen');
INSERT INTO students (firstname,lastname) VALUES(' Storm','Hansen');
INSERT INTO students (firstname,lastname) VALUES(' Milas','Nygaard');
INSERT INTO students (firstname,lastname) VALUES(' Anker','Frandsen');
INSERT INTO students (firstname,lastname) VALUES(' Emma','Kristiansen');
INSERT INTO students (firstname,lastname) VALUES(' Storm','Olsen');
INSERT INTO students (firstname,lastname) VALUES(' Anna','Ali');
INSERT INTO students (firstname,lastname) VALUES(' Milas','Kristoffersen');
INSERT INTO students (firstname,lastname) VALUES(' Ida','Nygaard');
INSERT INTO students (firstname,lastname) VALUES(' Storm','Kragh');
INSERT INTO students (firstname,lastname) VALUES(' Hugo','S├©rensen');
INSERT INTO students (firstname,lastname) VALUES(' Nora','N├©rgaard');
INSERT INTO students (firstname,lastname) VALUES(' Matheo','Andreasen');
INSERT INTO students (firstname,lastname) VALUES(' Vilma','Nyg├Ñrd');
INSERT INTO students (firstname,lastname) VALUES(' Elias','Poulsen');
INSERT INTO students (firstname,lastname) VALUES(' Sebastian','Eriksen');
INSERT INTO students (firstname,lastname) VALUES(' Felix','Nygaard');
INSERT INTO students (firstname,lastname) VALUES(' Lily','Kruse');
INSERT INTO students (firstname,lastname) VALUES(' Magne','Mohamed');
INSERT INTO students (firstname,lastname) VALUES(' Erik','Gade');
INSERT INTO students (firstname,lastname) VALUES(' Konrad','Schr├©der');
INSERT INTO students (firstname,lastname) VALUES(' Molly','Andresen');
INSERT INTO students (firstname,lastname) VALUES(' Alberte','Kirkeg├Ñrd');
INSERT INTO students (firstname,lastname) VALUES(' Sofie','Jensen');
INSERT INTO students (firstname,lastname) VALUES(' Emma','Brandt');
INSERT INTO students (firstname,lastname) VALUES(' Arthur','Lauridsen');
INSERT INTO students (firstname,lastname) VALUES(' Christian','Bundg├Ñrd');
INSERT INTO students (firstname,lastname) VALUES(' Alberte','Buch');
INSERT INTO students (firstname,lastname) VALUES(' Storm','Jacobsen');
INSERT INTO students (firstname,lastname) VALUES(' Luna','Eskildsen');
INSERT INTO students (firstname,lastname) VALUES(' Willam','Danielsen');
INSERT INTO students (firstname,lastname) VALUES(' Oscar','Hansen');
INSERT INTO students (firstname,lastname) VALUES(' Olivia','Berthelsen');
INSERT INTO students (firstname,lastname) VALUES(' Lily','Khan');
INSERT INTO students (firstname,lastname) VALUES(' Loui','Winther');
INSERT INTO students (firstname,lastname) VALUES(' Alba','Hjorth');
INSERT INTO students (firstname,lastname) VALUES(' Nohr','Jacobsen');
INSERT INTO students (firstname,lastname) VALUES(' Emil','Storm');
INSERT INTO students (firstname,lastname) VALUES(' Alma','Justesen');
INSERT INTO students (firstname,lastname) VALUES(' Anker','Thomassen');
INSERT INTO students (firstname,lastname) VALUES(' Hugo','Carlsen');
INSERT INTO students (firstname,lastname) VALUES(' Mikkel','Christoffersen');
INSERT INTO students (firstname,lastname) VALUES(' Ellie','Bertelsen');
INSERT INTO students (firstname,lastname) VALUES(' Ella','Overgaard');
INSERT INTO students (firstname,lastname) VALUES(' Merle','Klausen');
INSERT INTO students (firstname,lastname) VALUES(' Leonora','Kruse');
INSERT INTO students (firstname,lastname) VALUES(' Arthur','Lassen');
INSERT INTO students (firstname,lastname) VALUES(' Aya','Thomsen');
INSERT INTO students (firstname,lastname) VALUES(' Asger','├àgaard');
INSERT INTO students (firstname,lastname) VALUES(' Andrea','Overgaard');
INSERT INTO students (firstname,lastname) VALUES(' Anker','Winther');
INSERT INTO students (firstname,lastname) VALUES(' Lauge','Johannesen');
INSERT INTO students (firstname,lastname) VALUES(' Sofia','Jakobsen');
INSERT INTO students (firstname,lastname) VALUES(' Mads','Bruun');
INSERT INTO students (firstname,lastname) VALUES(' Arthur','Mortensen');
INSERT INTO students (firstname,lastname) VALUES(' Storm','Svensson');
INSERT INTO students (firstname,lastname) VALUES(' Emma','Schou');
INSERT INTO students (firstname,lastname) VALUES(' Liv','Riis');
INSERT INTO students (firstname,lastname) VALUES(' Rosa','Knudsen');
INSERT INTO students (firstname,lastname) VALUES(' Alfred','Mogensen');
INSERT INTO students (firstname,lastname) VALUES(' Lauge','Lind');
INSERT INTO students (firstname,lastname) VALUES(' Hugo','Houg├Ñrd');
INSERT INTO students (firstname,lastname) VALUES(' Andrea','S├©rensen');
INSERT INTO students (firstname,lastname) VALUES(' Karla','Bruun');
INSERT INTO students (firstname,lastname) VALUES(' Asta','Bach');
INSERT INTO students (firstname,lastname) VALUES(' Ellie','Hjorth');
INSERT INTO students (firstname,lastname) VALUES(' Noah','Frandsen');
INSERT INTO students (firstname,lastname) VALUES(' Nora','Nilsson');
INSERT INTO students (firstname,lastname) VALUES(' Mathilde','Beck');
INSERT INTO students (firstname,lastname) VALUES(' Benjamin','Jacobsen');
INSERT INTO students (firstname,lastname) VALUES(' Hugo','Lind');
INSERT INTO students (firstname,lastname) VALUES(' Vilma','Mathiasen');
INSERT INTO students (firstname,lastname) VALUES(' Emil','Kofoed');
INSERT INTO students (firstname,lastname) VALUES(' Andrea','Brandt');
INSERT INTO students (firstname,lastname) VALUES(' Ellie','Juul');
INSERT INTO students (firstname,lastname) VALUES(' Olivia','Dalsg├Ñrd');
INSERT INTO students (firstname,lastname) VALUES(' Willam','Gregersen');
INSERT INTO students (firstname,lastname) VALUES(' Konrad','Skovg├Ñrd');
INSERT INTO students (firstname,lastname) VALUES(' Asger','Henningsen');
INSERT INTO students (firstname,lastname) VALUES(' Josefine','Knudsen');
INSERT INTO students (firstname,lastname) VALUES(' Clara','Thorsen');
INSERT INTO students (firstname,lastname) VALUES(' Storm','Nikolajsen');
INSERT INTO students (firstname,lastname) VALUES(' Willam','Frederiksen');
INSERT INTO students (firstname,lastname) VALUES(' Villads','Lind');
INSERT INTO students (firstname,lastname) VALUES(' Lea','Bak');
INSERT INTO students (firstname,lastname) VALUES(' Mads','├àg├Ñrd');
INSERT INTO students (firstname,lastname) VALUES(' Hannah','Knudsen');
INSERT INTO students (firstname,lastname) VALUES(' Theo','Laursen');
INSERT INTO students (firstname,lastname) VALUES(' Alexander','Vesterg├Ñrd');
INSERT INTO students (firstname,lastname) VALUES(' Isabella','Laursen');
INSERT INTO students (firstname,lastname) VALUES(' Theo','Thygesen');
INSERT INTO students (firstname,lastname) VALUES(' Emil','Christiansen');
INSERT INTO students (firstname,lastname) VALUES(' Asta','Bendtsen');
INSERT INTO students (firstname,lastname) VALUES(' Sofie','├àg├Ñrd');
INSERT INTO students (firstname,lastname) VALUES(' Maja','Brodersen');
INSERT INTO students (firstname,lastname) VALUES(' Elias','Munk');
INSERT INTO students (firstname,lastname) VALUES(' Anna','Justesen');
INSERT INTO students (firstname,lastname) VALUES(' Villum','Bang');
INSERT INTO students (firstname,lastname) VALUES(' Emma','Bisg├Ñrd');
INSERT INTO students (firstname,lastname) VALUES(' Esther','Lauritsen');
INSERT INTO students (firstname,lastname) VALUES(' Leonora','Vinther');
INSERT INTO students (firstname,lastname) VALUES(' Albert','Lauritzen');
INSERT INTO students (firstname,lastname) VALUES(' L├ªrke','S├©nderg├Ñrd');
INSERT INTO students (firstname,lastname) VALUES(' Mads','Simonsen');
INSERT INTO students (firstname,lastname) VALUES(' Lauge','Ibsen');
INSERT INTO students (firstname,lastname) VALUES(' Esther','Kj├ªrg├Ñrd');
INSERT INTO students (firstname,lastname) VALUES(' Sara','Toft');
INSERT INTO students (firstname,lastname) VALUES(' Anker','Vestergaard');
INSERT INTO students (firstname,lastname) VALUES(' Alberte','Christiansen');
INSERT INTO students (firstname,lastname) VALUES(' Mathilde','Villadsen');
INSERT INTO students (firstname,lastname) VALUES(' Matheo','Kirkegaard');
INSERT INTO students (firstname,lastname) VALUES(' Emilie','Davidsen');
INSERT INTO students (firstname,lastname) VALUES(' Sofie','Sloth');
INSERT INTO students (firstname,lastname) VALUES(' Magne','Bjerre');
INSERT INTO students (firstname,lastname) VALUES(' Hannah','Michelsen');
INSERT INTO students (firstname,lastname) VALUES(' Oscar','Olsen');
INSERT INTO students (firstname,lastname) VALUES(' Emilie','Henningsen');
INSERT INTO students (firstname,lastname) VALUES(' Asger','Mogensen');
INSERT INTO students (firstname,lastname) VALUES(' Lucas','Danielsen');
INSERT INTO students (firstname,lastname) VALUES(' Isabella','Christensen');
INSERT INTO students (firstname,lastname) VALUES(' Anker','Winther');
INSERT INTO students (firstname,lastname) VALUES(' Agnes','Bonde');
INSERT INTO students (firstname,lastname) VALUES(' Josefine','Lorenzen');
INSERT INTO students (firstname,lastname) VALUES(' Josefine','Andreassen');
INSERT INTO students (firstname,lastname) VALUES(' Sofie','Juhl');
INSERT INTO students (firstname,lastname) VALUES(' Mads','Andersson');
INSERT INTO students (firstname,lastname) VALUES(' Liva','Bang');
INSERT INTO students (firstname,lastname) VALUES(' Oscar','Mikkelsen');
INSERT INTO students (firstname,lastname) VALUES(' Nohr','Kj├ªrgaard');
INSERT INTO students (firstname,lastname) VALUES(' Olivia','Krogh');
INSERT INTO students (firstname,lastname) VALUES(' Esther','Vestergaard');
INSERT INTO students (firstname,lastname) VALUES(' Milas','Justesen');
INSERT INTO students (firstname,lastname) VALUES(' Villum','Mathiasen');
INSERT INTO students (firstname,lastname) VALUES(' Rosa','Kj├ªr');
INSERT INTO students (firstname,lastname) VALUES(' Lea','Nilsson');
INSERT INTO students (firstname,lastname) VALUES(' Lily','Bruun');
INSERT INTO students (firstname,lastname) VALUES(' Magne','Lind');
INSERT INTO students (firstname,lastname) VALUES(' Ellie','Davidsen');
INSERT INTO students (firstname,lastname) VALUES(' Esther','Olsen');
INSERT INTO students (firstname,lastname) VALUES(' Johan','Nilsson');
INSERT INTO students (firstname,lastname) VALUES(' Victoria','Mogensen');
INSERT INTO students (firstname,lastname) VALUES(' Merle','Kirkegaard');
INSERT INTO students (firstname,lastname) VALUES(' Elias','Dalsg├Ñrd');
INSERT INTO students (firstname,lastname) VALUES(' L├ªrke','Nguyen');
INSERT INTO students (firstname,lastname) VALUES(' Emilie','Kirkegaard');
INSERT INTO students (firstname,lastname) VALUES(' Mathilde','Lund');
INSERT INTO students (firstname,lastname) VALUES(' Arthur','Nyg├Ñrd');
INSERT INTO students (firstname,lastname) VALUES(' Anker','Villadsen');
INSERT INTO students (firstname,lastname) VALUES(' L├ªrke','Skovg├Ñrd');
INSERT INTO students (firstname,lastname) VALUES(' Alberte','Dalsg├Ñrd');
INSERT INTO students (firstname,lastname) VALUES(' Ellie','Lindberg');
INSERT INTO students (firstname,lastname) VALUES(' Alfred','Lange');
INSERT INTO students (firstname,lastname) VALUES(' Theo','Nguyen');
INSERT INTO students (firstname,lastname) VALUES(' Karla','N├©rgaard');
INSERT INTO students (firstname,lastname) VALUES(' Hugo','Kofoed');
INSERT INTO students (firstname,lastname) VALUES(' Aksel','Christensen');
INSERT INTO students (firstname,lastname) VALUES(' Andrea','Bak');
INSERT INTO students (firstname,lastname) VALUES(' Otto','Thygesen');
INSERT INTO students (firstname,lastname) VALUES(' Sofie','Bonde');
INSERT INTO students (firstname,lastname) VALUES(' Alma','S├©rensen');
INSERT INTO students (firstname,lastname) VALUES(' Erik','Schultz');
INSERT INTO students (firstname,lastname) VALUES(' Alfred','Thorsen');
INSERT INTO students (firstname,lastname) VALUES(' Malthe','Hemmingsen');
INSERT INTO students (firstname,lastname) VALUES(' Loui','Poulsen');
INSERT INTO students (firstname,lastname) VALUES(' Merle','S├©gaard');
INSERT INTO students (firstname,lastname) VALUES(' Oliver','Frederiksen');
INSERT INTO students (firstname,lastname) VALUES(' Signe','Kirkegaard');
INSERT INTO students (firstname,lastname) VALUES(' Emily','Buch');
INSERT INTO students (firstname,lastname) VALUES(' Magnus','Kj├ªrgaard');
INSERT INTO students (firstname,lastname) VALUES(' Anker','M├©lgaard');
INSERT INTO students (firstname,lastname) VALUES(' Lea','Jacobsen');
INSERT INTO students (firstname,lastname) VALUES(' Ida','Krog');
INSERT INTO students (firstname,lastname) VALUES(' Lucas','Ahmad');
INSERT INTO students (firstname,lastname) VALUES(' Lucas','Schultz');
INSERT INTO students (firstname,lastname) VALUES(' Frida','J├©rgensen');
INSERT INTO students (firstname,lastname) VALUES(' Benjamin','Jespersen');
INSERT INTO students (firstname,lastname) VALUES(' Astrid','Riis');
INSERT INTO students (firstname,lastname) VALUES(' August','Kj├ªr');
INSERT INTO students (firstname,lastname) VALUES(' Ellie','Michelsen');
INSERT INTO students (firstname,lastname) VALUES(' Emily','Winther');
INSERT INTO students (firstname,lastname) VALUES(' Emilie','Lind');
INSERT INTO students (firstname,lastname) VALUES(' Victoria','Bak');
INSERT INTO students (firstname,lastname) VALUES(' Alma','Villadsen');
INSERT INTO students (firstname,lastname) VALUES(' Noah','Juhl');
INSERT INTO students (firstname,lastname) VALUES(' Mikkel','Jensen');
INSERT INTO students (firstname,lastname) VALUES(' Viktor','J├©nsson');
INSERT INTO students (firstname,lastname) VALUES(' Marius','Ibsen');
INSERT INTO students (firstname,lastname) VALUES(' Elliot','Lauridsen');
INSERT INTO students (firstname,lastname) VALUES(' Pelle','Bech');
INSERT INTO students (firstname,lastname) VALUES(' Magne','Eriksen');
INSERT INTO students (firstname,lastname) VALUES(' Sofia','Bach');
INSERT INTO students (firstname,lastname) VALUES(' Molly','Thygesen');
INSERT INTO students (firstname,lastname) VALUES(' Marius','Juul');
INSERT INTO students (firstname,lastname) VALUES(' Arthur','Bjerreg├Ñrd');
INSERT INTO students (firstname,lastname) VALUES(' Karla','Nissen');
INSERT INTO students (firstname,lastname) VALUES(' Sofia','Lind');
INSERT INTO students (firstname,lastname) VALUES(' Willam','Schmidt');
INSERT INTO students (firstname,lastname) VALUES(' Frederik','Poulsen');
INSERT INTO students (firstname,lastname) VALUES(' Emma','Lund');
INSERT INTO students (firstname,lastname) VALUES(' Anker','├àgaard');
INSERT INTO students (firstname,lastname) VALUES(' Esther','M├©lgaard');
INSERT INTO students (firstname,lastname) VALUES(' Hugo','Buch');
INSERT INTO students (firstname,lastname) VALUES(' Erik','Lange');
INSERT INTO students (firstname,lastname) VALUES(' Molly','Frederiksen');
INSERT INTO students (firstname,lastname) VALUES(' Mads','Danielsen');
INSERT INTO students (firstname,lastname) VALUES(' Oscar','Riis');
INSERT INTO students (firstname,lastname) VALUES(' Liva','Aagaard');
INSERT INTO students (firstname,lastname) VALUES(' Otto','Dalsgaard');
INSERT INTO students (firstname,lastname) VALUES(' Villum','Hjorth');
INSERT INTO students (firstname,lastname) VALUES(' Elliot','Toft');
INSERT INTO students (firstname,lastname) VALUES(' Aksel','Bjerreg├Ñrd');
INSERT INTO students (firstname,lastname) VALUES(' Ida','Poulsen');
INSERT INTO students (firstname,lastname) VALUES(' Lauge','Petersen');
INSERT INTO students (firstname,lastname) VALUES(' L├ªrke','Mortensen');
INSERT INTO students (firstname,lastname) VALUES(' Otto','Bundg├Ñrd');
INSERT INTO students (firstname,lastname) VALUES(' Milas','Petersen');
INSERT INTO students (firstname,lastname) VALUES(' Christian','Lorentzen');
INSERT INTO students (firstname,lastname) VALUES(' Viggo','Jensen');
INSERT INTO students (firstname,lastname) VALUES(' Malthe','Nygaard');
INSERT INTO students (firstname,lastname) VALUES(' Oscar','Steffensen');
INSERT INTO students (firstname,lastname) VALUES(' Marie','Jepsen');
INSERT INTO students (firstname,lastname) VALUES(' Freja','Bjerre');
INSERT INTO students (firstname,lastname) VALUES(' Lauge','S├©nderg├Ñrd');
INSERT INTO students (firstname,lastname) VALUES(' Freja','Jepsen');
INSERT INTO students (firstname,lastname) VALUES(' Rosa','N├©rg├Ñrd');
INSERT INTO students (firstname,lastname) VALUES(' Merle','Hemmingsen');
INSERT INTO students (firstname,lastname) VALUES(' Oliver','Riis');
INSERT INTO students (firstname,lastname) VALUES(' Aya','Persson');
INSERT INTO students (firstname,lastname) VALUES(' Hannah','Petersen');
INSERT INTO students (firstname,lastname) VALUES(' Anker','Davidsen');
INSERT INTO students (firstname,lastname) VALUES(' Victoria','Nguyen');
INSERT INTO students (firstname,lastname) VALUES(' Magnus','S├©rensen');
INSERT INTO students (firstname,lastname) VALUES(' Gry','Henningsen');
INSERT INTO students (firstname,lastname) VALUES(' Elliot','Eriksen');
INSERT INTO students (firstname,lastname) VALUES(' Isabella','Johnsen');
INSERT INTO students (firstname,lastname) VALUES(' Anton','Buch');
INSERT INTO students (firstname,lastname) VALUES(' Magnus','Christensen');
INSERT INTO students (firstname,lastname) VALUES(' Laura','Beck');
INSERT INTO students (firstname,lastname) VALUES(' Molly','Johnsen');
INSERT INTO students (firstname,lastname) VALUES(' Malthe','Vinther');
INSERT INTO students (firstname,lastname) VALUES(' August','Thomsen');
INSERT INTO students (firstname,lastname) VALUES(' Olivia','Rasmussen');
INSERT INTO students (firstname,lastname) VALUES(' Saga','Jespersen');
INSERT INTO students (firstname,lastname) VALUES(' Liv','Damgaard');
INSERT INTO students (firstname,lastname) VALUES(' Theo','├ÿstergaard');
INSERT INTO students (firstname,lastname) VALUES(' Sebastian','Andersen');
INSERT INTO students (firstname,lastname) VALUES(' Liva','Mikkelsen');
INSERT INTO students (firstname,lastname) VALUES(' Anna','Juul');
INSERT INTO students (firstname,lastname) VALUES(' Oscar','Kirkeg├Ñrd');
INSERT INTO students (firstname,lastname) VALUES(' Albert','Johannesen');
INSERT INTO students (firstname,lastname) VALUES(' Olivia','Bang');
INSERT INTO students (firstname,lastname) VALUES(' Adam','Riis');
INSERT INTO students (firstname,lastname) VALUES(' Signe','Poulsen');
INSERT INTO students (firstname,lastname) VALUES(' Pelle','Schmidt');
INSERT INTO students (firstname,lastname) VALUES(' Luna','Berthelsen');
INSERT INTO students (firstname,lastname) VALUES(' L├ªrke','M├╝ller');
INSERT INTO students (firstname,lastname) VALUES(' Asger','Lund');
INSERT INTO students (firstname,lastname) VALUES(' Malthe','Leth');
INSERT INTO students (firstname,lastname) VALUES(' Alberte','Hedegaard');
INSERT INTO students (firstname,lastname) VALUES(' Lucas','Schultz');
INSERT INTO students (firstname,lastname) VALUES(' Saga','Kristiansen');
INSERT INTO students (firstname,lastname) VALUES(' L├ªrke','Kjeldsen');
INSERT INTO students (firstname,lastname) VALUES(' Matheo','Johannesen');
INSERT INTO students (firstname,lastname) VALUES(' Nora','M├©lg├Ñrd');
INSERT INTO students (firstname,lastname) VALUES(' Merle','S├©gaard');
INSERT INTO students (firstname,lastname) VALUES(' Rosa','Mortensen');
INSERT INTO students (firstname,lastname) VALUES(' Ella','Kirkegaard');
INSERT INTO students (firstname,lastname) VALUES(' Karla','Hermansen');
INSERT INTO students (firstname,lastname) VALUES(' Luna','Klausen');
INSERT INTO students (firstname,lastname) VALUES(' Noah','Mohamed');
INSERT INTO students (firstname,lastname) VALUES(' Oliver','Eriksen');
INSERT INTO students (firstname,lastname) VALUES(' Erik','Aag├Ñrd');
INSERT INTO students (firstname,lastname) VALUES(' Frederik','Vestergaard');
INSERT INTO students (firstname,lastname) VALUES(' Milas','Ali');
INSERT INTO students (firstname,lastname) VALUES(' Emma','J├©rgensen');
INSERT INTO students (firstname,lastname) VALUES(' Marie','Hald');
INSERT INTO students (firstname,lastname) VALUES(' Ella','Andresen');
INSERT INTO students (firstname,lastname) VALUES(' Liva','Bisgaard');
INSERT INTO students (firstname,lastname) VALUES(' Frederik','Lind');
INSERT INTO students (firstname,lastname) VALUES(' Emma','Lassen');
INSERT INTO students (firstname,lastname) VALUES(' Benjamin','Knudsen');
INSERT INTO students (firstname,lastname) VALUES(' Clara','Lund');
INSERT INTO students (firstname,lastname) VALUES(' Molly','Markussen');
INSERT INTO students (firstname,lastname) VALUES(' L├ªrke','Simonsen');
INSERT INTO students (firstname,lastname) VALUES(' Hugo','S├©gaard');
INSERT INTO students (firstname,lastname) VALUES(' Magnus','Iversen');
INSERT INTO students (firstname,lastname) VALUES(' Theo','Johannsen');
INSERT INTO students (firstname,lastname) VALUES(' Matheo','Justesen');
INSERT INTO students (firstname,lastname) VALUES(' Liva','Johnsen');
INSERT INTO students (firstname,lastname) VALUES(' August','Jeppesen');
INSERT INTO students (firstname,lastname) VALUES(' Hannah','Bertelsen');
INSERT INTO students (firstname,lastname) VALUES(' Rosa','Gade');
INSERT INTO students (firstname,lastname) VALUES(' Nora','Bjerreg├Ñrd');
INSERT INTO students (firstname,lastname) VALUES(' Theo','Paulsen');
INSERT INTO students (firstname,lastname) VALUES(' Noah','Kristensen');
INSERT INTO students (firstname,lastname) VALUES(' Leonora','Friis');
INSERT INTO students (firstname,lastname) VALUES(' Victoria','Kj├ªrgaard');
INSERT INTO students (firstname,lastname) VALUES(' Asta','Laustsen');
INSERT INTO students (firstname,lastname) VALUES(' Emil','Lauritzen');
INSERT INTO students (firstname,lastname) VALUES(' Elias','Johnsen');
INSERT INTO students (firstname,lastname) VALUES(' Sara','Persson');
INSERT INTO students (firstname,lastname) VALUES(' Rosa','Markussen');
INSERT INTO students (firstname,lastname) VALUES(' Emil','Riis');
INSERT INTO students (firstname,lastname) VALUES(' Emilie','Lind');
INSERT INTO students (firstname,lastname) VALUES(' Merle','Hald');
INSERT INTO students (firstname,lastname) VALUES(' Hannah','Bonde');
INSERT INTO students (firstname,lastname) VALUES(' Sofie','Sloth');
INSERT INTO students (firstname,lastname) VALUES(' Marius','S├©g├Ñrd');
INSERT INTO students (firstname,lastname) VALUES(' Molly','Frandsen');
INSERT INTO students (firstname,lastname) VALUES(' Magnus','Kj├ªrgaard');
INSERT INTO students (firstname,lastname) VALUES(' Ida','Olesen');
INSERT INTO students (firstname,lastname) VALUES(' Maja','Damg├Ñrd');
INSERT INTO students (firstname,lastname) VALUES(' Nora','Overgaard');
INSERT INTO students (firstname,lastname) VALUES(' Merle','Svensson');
INSERT INTO students (firstname,lastname) VALUES(' Marius','M├╝ller');
INSERT INTO students (firstname,lastname) VALUES(' Albert','Leth');
INSERT INTO students (firstname,lastname) VALUES(' Storm','Christoffersen');
INSERT INTO students (firstname,lastname) VALUES(' Marie','Thorsen');
INSERT INTO students (firstname,lastname) VALUES(' Willam','Bjerreg├Ñrd');
INSERT INTO students (firstname,lastname) VALUES(' Merle','Bach');
INSERT INTO students (firstname,lastname) VALUES(' Anton','Bach');
INSERT INTO students (firstname,lastname) VALUES(' Saga','Ali');
INSERT INTO students (firstname,lastname) VALUES(' Liam','Dalsgaard');
INSERT INTO students (firstname,lastname) VALUES(' Andrea','Davidsen');
INSERT INTO students (firstname,lastname) VALUES(' Konrad','Ali');
INSERT INTO students (firstname,lastname) VALUES(' Asta','Dalg├Ñrd');
INSERT INTO students (firstname,lastname) VALUES(' Noah','Bech');
INSERT INTO students (firstname,lastname) VALUES(' Viktor','Damgaard');
INSERT INTO students (firstname,lastname) VALUES(' Vilma','Munk');
INSERT INTO students (firstname,lastname) VALUES(' Lea','Dalsgaard');
INSERT INTO students (firstname,lastname) VALUES(' Loui','Berg');
INSERT INTO students (firstname,lastname) VALUES(' Elliot','Ahmed');
INSERT INTO students (firstname,lastname) VALUES(' Signe','Kjeldsen');
INSERT INTO students (firstname,lastname) VALUES(' Agnes','J├©nsson');
INSERT INTO students (firstname,lastname) VALUES(' Emil','Kirkeg├Ñrd');
INSERT INTO students (firstname,lastname) VALUES(' Liam','Mortensen');
INSERT INTO students (firstname,lastname) VALUES(' Aya','Hermansen');
INSERT INTO students (firstname,lastname) VALUES(' Nora','Skovg├Ñrd');
INSERT INTO students (firstname,lastname) VALUES(' Liam','S├©nderg├Ñrd');
INSERT INTO students (firstname,lastname) VALUES(' Emma','Frost');
INSERT INTO students (firstname,lastname) VALUES(' Magne','Henningsen');
INSERT INTO students (firstname,lastname) VALUES(' Alexander','S├©nderg├Ñrd');
INSERT INTO students (firstname,lastname) VALUES(' Ellen','Laursen');
INSERT INTO students (firstname,lastname) VALUES(' Freja','S├©g├Ñrd');
INSERT INTO students (firstname,lastname) VALUES(' Benjamin','Svensson');
INSERT INTO students (firstname,lastname) VALUES(' Marius','Iversen');
INSERT INTO students (firstname,lastname) VALUES(' Aksel','Jespersen');
INSERT INTO students (firstname,lastname) VALUES(' Nora','Khan');
INSERT INTO students (firstname,lastname) VALUES(' Isabella','Bang');
INSERT INTO students (firstname,lastname) VALUES(' Ingrid','Johnsen');
INSERT INTO students (firstname,lastname) VALUES(' Signe','Skovg├Ñrd');
INSERT INTO students (firstname,lastname) VALUES(' Aya','Danielsen');
INSERT INTO students (firstname,lastname) VALUES(' Christian','S├©nderg├Ñrd');
INSERT INTO students (firstname,lastname) VALUES(' Sebastian','Davidsen');
INSERT INTO students (firstname,lastname) VALUES(' Rosa','Thygesen');
INSERT INTO students (firstname,lastname) VALUES(' Felix','Vesterg├Ñrd');
INSERT INTO students (firstname,lastname) VALUES(' Anna','Buch');
INSERT INTO students (firstname,lastname) VALUES(' Anker','Christensen');
INSERT INTO students (firstname,lastname) VALUES(' Ella','Damg├Ñrd');
INSERT INTO students (firstname,lastname) VALUES(' Carl','Henriksen');
INSERT INTO students (firstname,lastname) VALUES(' Olivia','Laustsen');
INSERT INTO students (firstname,lastname) VALUES(' Marius','Friis');
INSERT INTO students (firstname,lastname) VALUES(' Victoria','N├©rgaard');
INSERT INTO students (firstname,lastname) VALUES(' Sara','Bundg├Ñrd');
INSERT INTO students (firstname,lastname) VALUES(' Luna','Winther');
INSERT INTO students (firstname,lastname) VALUES(' Karla','Lorentzen');
INSERT INTO students (firstname,lastname) VALUES(' Emil','Knudsen');
INSERT INTO students (firstname,lastname) VALUES(' Alfred','Brodersen');
INSERT INTO students (firstname,lastname) VALUES(' Andrea','Andreassen');
INSERT INTO students (firstname,lastname) VALUES(' Liv','Mathiasen');
INSERT INTO students (firstname,lastname) VALUES(' Hugo','Lauridsen');
INSERT INTO students (firstname,lastname) VALUES(' Villum','Kruse');
INSERT INTO students (firstname,lastname) VALUES(' Freja','Houg├Ñrd');
INSERT INTO students (firstname,lastname) VALUES(' Oliver','Michelsen');
INSERT INTO students (firstname,lastname) VALUES(' Sara','Gregersen');
INSERT INTO students (firstname,lastname) VALUES(' Asger','Andersson');
INSERT INTO students (firstname,lastname) VALUES(' Alexander','Aagaard');
INSERT INTO students (firstname,lastname) VALUES(' Gry','Bech');
INSERT INTO students (firstname,lastname) VALUES(' Oliver','Thomsen');
INSERT INTO students (firstname,lastname) VALUES(' Molly','Bisg├Ñrd');
INSERT INTO students (firstname,lastname) VALUES(' Frida','Thorsen');
INSERT INTO students (firstname,lastname) VALUES(' Sara','Beck');
INSERT INTO students (firstname,lastname) VALUES(' Alexander','Poulsen');
INSERT INTO students (firstname,lastname) VALUES(' Anton','Kofoed');
INSERT INTO students (firstname,lastname) VALUES(' Storm','Ahmad');
INSERT INTO students (firstname,lastname) VALUES(' Valdemar','Overg├Ñrd');
INSERT INTO students (firstname,lastname) VALUES(' Luna','Olesen');
INSERT INTO students (firstname,lastname) VALUES(' Sara','Henningsen');
INSERT INTO students (firstname,lastname) VALUES(' Anker','Sloth');
INSERT INTO students (firstname,lastname) VALUES(' Elias','Bak');
INSERT INTO students (firstname,lastname) VALUES(' Emil','Juhl');
INSERT INTO students (firstname,lastname) VALUES(' Victoria','Bendtsen');
INSERT INTO students (firstname,lastname) VALUES(' Matheo','Vesterg├Ñrd');
INSERT INTO students (firstname,lastname) VALUES(' Erik','Meyer');
INSERT INTO students (firstname,lastname) VALUES(' Merle','Steffensen');
INSERT INTO students (firstname,lastname) VALUES(' Agnes','Vestergaard');
INSERT INTO students (firstname,lastname) VALUES(' Hugo','Lindberg');
INSERT INTO students (firstname,lastname) VALUES(' Gry','Carstensen');
INSERT INTO students (firstname,lastname) VALUES(' Aksel','Dam');
INSERT INTO students (firstname,lastname) VALUES(' Sebastian','Kofoed');
INSERT INTO students (firstname,lastname) VALUES(' Elliot','Vinther');
INSERT INTO students (firstname,lastname) VALUES(' Esther','Brodersen');
INSERT INTO students (firstname,lastname) VALUES(' Karla','Markussen');
INSERT INTO students (firstname,lastname) VALUES(' Erik','Hansen');
INSERT INTO students (firstname,lastname) VALUES(' Villads','Winther');
INSERT INTO students (firstname,lastname) VALUES(' Mikkel','Eriksen');
INSERT INTO students (firstname,lastname) VALUES(' Willam','Ravn');
INSERT INTO students (firstname,lastname) VALUES(' Asger','Krogh');
INSERT INTO students (firstname,lastname) VALUES(' Nora','S├©gaard');
INSERT INTO students (firstname,lastname) VALUES(' Milas','Hjorth');
INSERT INTO students (firstname,lastname) VALUES(' Hannah','Johnsen');
INSERT INTO students (firstname,lastname) VALUES(' Marius','Toft');
INSERT INTO students (firstname,lastname) VALUES(' Lauge','Bjerregaard');
INSERT INTO students (firstname,lastname) VALUES(' Viktor','Skovg├Ñrd');
INSERT INTO students (firstname,lastname) VALUES(' Sebastian','Mathiasen');
INSERT INTO students (firstname,lastname) VALUES(' Olivia','Schr├©der');
INSERT INTO students (firstname,lastname) VALUES(' Malthe','Winther');
INSERT INTO students (firstname,lastname) VALUES(' Alberte','Skov');
INSERT INTO students (firstname,lastname) VALUES(' Alberte','J├©nsson');
INSERT INTO students (firstname,lastname) VALUES(' Ida','Johnsen');
INSERT INTO students (firstname,lastname) VALUES(' Viktor','Andersen');
INSERT INTO students (firstname,lastname) VALUES(' Asger','Mathiesen');
INSERT INTO students (firstname,lastname) VALUES(' Mads','Juhl');
INSERT INTO students (firstname,lastname) VALUES(' Theo','Dalsgaard');
INSERT INTO students (firstname,lastname) VALUES(' Freja','Bertelsen');
INSERT INTO students (firstname,lastname) VALUES(' Valdemar','Schou');
INSERT INTO students (firstname,lastname) VALUES(' Magnus','Frederiksen');
INSERT INTO students (firstname,lastname) VALUES(' Viggo','Bjerreg├Ñrd');
INSERT INTO students (firstname,lastname) VALUES(' Malthe','Olesen');
INSERT INTO students (firstname,lastname) VALUES(' Malthe','Dalgaard');
INSERT INTO students (firstname,lastname) VALUES(' Luna','S├©rensen');
INSERT INTO students (firstname,lastname) VALUES(' Emil','Klausen');
INSERT INTO students (firstname,lastname) VALUES(' Elias','Hedegaard');
INSERT INTO students (firstname,lastname) VALUES(' Frida','N├©rg├Ñrd');
INSERT INTO students (firstname,lastname) VALUES(' Anton','Lund');
INSERT INTO students (firstname,lastname) VALUES(' Anker','├ÿstergaard');
INSERT INTO students (firstname,lastname) VALUES(' Albert','Friis');
INSERT INTO students (firstname,lastname) VALUES(' Noah','Svendsen');
INSERT INTO students (firstname,lastname) VALUES(' Magne','S├©nderg├Ñrd');
INSERT INTO students (firstname,lastname) VALUES(' Viggo','Jessen');
INSERT INTO students (firstname,lastname) VALUES(' Erik','Aag├Ñrd');
INSERT INTO students (firstname,lastname) VALUES(' Pelle','Johansen');
INSERT INTO students (firstname,lastname) VALUES(' Sofia','Bonde');
INSERT INTO students (firstname,lastname) VALUES(' Anton','Petersen');
INSERT INTO students (firstname,lastname) VALUES(' Sebastian','Ahmad');
INSERT INTO students (firstname,lastname) VALUES(' Elias','Bjerregaard');
INSERT INTO students (firstname,lastname) VALUES(' Nohr','Laursen');
INSERT INTO students (firstname,lastname) VALUES(' Sofie','├ÿstergaard');
INSERT INTO students (firstname,lastname) VALUES(' Pelle','Bang');
INSERT INTO students (firstname,lastname) VALUES(' Isabella','M├©lgaard');
INSERT INTO students (firstname,lastname) VALUES(' Theo','Bertelsen');
INSERT INTO students (firstname,lastname) VALUES(' Frida','Bendtsen');
INSERT INTO students (firstname,lastname) VALUES(' Theo','├àgaard');
INSERT INTO students (firstname,lastname) VALUES(' Sara','Munch');
INSERT INTO students (firstname,lastname) VALUES(' Elias','Eriksen');
INSERT INTO students (firstname,lastname) VALUES(' Lea','Frandsen');
INSERT INTO students (firstname,lastname) VALUES(' Benjamin','Aag├Ñrd');
INSERT INTO students (firstname,lastname) VALUES(' Lily','J├©nsson');
INSERT INTO students (firstname,lastname) VALUES(' Carl','Gregersen');
INSERT INTO students (firstname,lastname) VALUES(' Asta','Jeppesen');
INSERT INTO students (firstname,lastname) VALUES(' Signe','Petersen');
INSERT INTO students (firstname,lastname) VALUES(' Nora','Johansen');
INSERT INTO students (firstname,lastname) VALUES(' Mathilde','├àg├Ñrd');
INSERT INTO students (firstname,lastname) VALUES(' Ellen','Johannsen');INSERT INTO teachers (firstname,lastname) VALUES(' Alberte','Laursen');
INSERT INTO teachers (firstname,lastname) VALUES(' Magnus','Damgaard');
INSERT INTO teachers (firstname,lastname) VALUES(' Asger','Hermansen');
INSERT INTO teachers (firstname,lastname) VALUES(' Anker','Nyg├Ñrd');
INSERT INTO teachers (firstname,lastname) VALUES(' Oscar','Bjerregaard');
INSERT INTO teachers (firstname,lastname) VALUES(' Alba','Meyer');
INSERT INTO teachers (firstname,lastname) VALUES(' Johan','Gregersen');
INSERT INTO teachers (firstname,lastname) VALUES(' Ellie','Ahmed');
INSERT INTO teachers (firstname,lastname) VALUES(' Astrid','Schou');
INSERT INTO teachers (firstname,lastname) VALUES(' Lily','Lauritzen');
INSERT INTO teachers (firstname,lastname) VALUES(' Frederik','Bisgaard');
INSERT INTO teachers (firstname,lastname) VALUES(' Christian','Henriksen');
INSERT INTO teachers (firstname,lastname) VALUES(' Anna','Christensen');
INSERT INTO teachers (firstname,lastname) VALUES(' Lucas','Nygaard');
INSERT INTO teachers (firstname,lastname) VALUES(' Olivia','Winther');
INSERT INTO teachers (firstname,lastname) VALUES(' Mikkel','Thomsen');
INSERT INTO teachers (firstname,lastname) VALUES(' Liam','Johnsen');
INSERT INTO teachers (firstname,lastname) VALUES(' Josefine','Jepsen');
INSERT INTO teachers (firstname,lastname) VALUES(' Arthur','S├©g├Ñrd');
INSERT INTO teachers (firstname,lastname) VALUES(' Magne','Lorenzen');
INSERT INTO teachers (firstname,lastname) VALUES(' Aya','Damgaard');
INSERT INTO teachers (firstname,lastname) VALUES(' Sara','Kragh');
INSERT INTO teachers (firstname,lastname) VALUES(' Aya','Kj├ªr');
INSERT INTO teachers (firstname,lastname) VALUES(' Anna','Villadsen');
INSERT INTO teachers (firstname,lastname) VALUES(' Storm','Andersson');
INSERT INTO teachers (firstname,lastname) VALUES(' Frederik','M├©lg├Ñrd');
INSERT INTO teachers (firstname,lastname) VALUES(' Agnes','Dalsgaard');
INSERT INTO teachers (firstname,lastname) VALUES(' Nohr','Damg├Ñrd');
INSERT INTO teachers (firstname,lastname) VALUES(' Loui','Hougaard');
INSERT INTO teachers (firstname,lastname) VALUES(' Ella','Eskildsen');
INSERT INTO teachers (firstname,lastname) VALUES(' Sara','Poulsen');
INSERT INTO teachers (firstname,lastname) VALUES(' Gry','M├╝ller');
INSERT INTO teachers (firstname,lastname) VALUES(' Esther','Bundgaard');
INSERT INTO teachers (firstname,lastname) VALUES(' Laura','Justesen');
INSERT INTO teachers (firstname,lastname) VALUES(' Molly','Lund');
INSERT INTO teachers (firstname,lastname) VALUES(' Clara','Eriksen');
INSERT INTO teachers (firstname,lastname) VALUES(' August','Hassan');
INSERT INTO teachers (firstname,lastname) VALUES(' Magnus','M├╝ller');
INSERT INTO teachers (firstname,lastname) VALUES(' Frida','Aag├Ñrd');
INSERT INTO teachers (firstname,lastname) VALUES(' Isabella','Davidsen');
INSERT INTO teachers (firstname,lastname) VALUES(' Emily','Lund');
INSERT INTO teachers (firstname,lastname) VALUES(' Molly','Andersen');
INSERT INTO teachers (firstname,lastname) VALUES(' Alma','Riis');
INSERT INTO teachers (firstname,lastname) VALUES(' Magne','Clausen');
INSERT INTO teachers (firstname,lastname) VALUES(' Agnes','Lindberg');
INSERT INTO teachers (firstname,lastname) VALUES(' Leonora','Hjorth');
INSERT INTO teachers (firstname,lastname) VALUES(' Liva','Christoffersen');
INSERT INTO teachers (firstname,lastname) VALUES(' Magne','Petersen');
INSERT INTO teachers (firstname,lastname) VALUES(' Carl','Nielsen');
INSERT INTO teachers (firstname,lastname) VALUES(' Anna','Danielsen');INSERT INTO courses (courseID,title) VALUES(' 0','Compiler Design');INSERT INTO courses (courseID,title) VALUES(' 1','Aerodynamics');INSERT INTO courses (courseID,title) VALUES(' 2','Death and Taxes');INSERT INTO courses (courseID,title) VALUES(' 3','The Music of Dave Edmunds');INSERT INTO courses (courseID,title) VALUES(' 4','Computability Theory');INSERT INTO courses (courseID,title) VALUES(' 5','Heat Transfer');INSERT INTO courses (courseID,title) VALUES(' 6','Cognitive Psychology');INSERT INTO courses (courseID,title) VALUES(' 7','African History');INSERT INTO courses (courseID,title) VALUES(' 8','Cat Herding');INSERT INTO courses (courseID,title) VALUES(' 9','Colloid and Surface Chemistry');INSERT INTO courses (courseID,title) VALUES(' 10','Tort Law');INSERT INTO courses (courseID,title) VALUES(' 11','European History');INSERT INTO courses (courseID,title) VALUES(' 12','Corporate Law');INSERT INTO courses (courseID,title) VALUES(' 13','Elastic Structures');INSERT INTO courses (courseID,title) VALUES(' 14','Game Design');INSERT INTO courses (courseID,title) VALUES(' 15','Multimedia Design');INSERT INTO courses (courseID,title) VALUES(' 16','Heat Transfer');INSERT INTO courses (courseID,title) VALUES(' 17','The Music of the Ramones');INSERT INTO courses (courseID,title) VALUES(' 18','Animal Behavior');INSERT INTO courses (courseID,title) VALUES(' 19','Graphics');INSERT INTO courses (courseID,title) VALUES(' 20','Romantic Literature');INSERT INTO courses (courseID,title) VALUES(' 21','Banking and Finance');INSERT INTO courses (courseID,title) VALUES(' 22','Astronautics');INSERT INTO courses (courseID,title) VALUES(' 23','How to Succeed in Business Without Really Trying');INSERT INTO courses (courseID,title) VALUES(' 24','Game Programming');INSERT INTO courses (courseID,title) VALUES(' 25','Race Car Driving');INSERT INTO courses (courseID,title) VALUES(' 26','Milton');INSERT INTO courses (courseID,title) VALUES(' 27','Topology');INSERT INTO courses (courseID,title) VALUES(' 28','Video Gaming');INSERT INTO courses (courseID,title) VALUES(' 29','Logic');INSERT INTO courses (courseID,title) VALUES(' 30','Real-Time Database Systems');INSERT INTO courses (courseID,title) VALUES(' 31','Thermal Physics');INSERT INTO courses (courseID,title) VALUES(' 32','Differential Geometry');INSERT INTO courses (courseID,title) VALUES(' 33','Optics');INSERT INTO courses (courseID,title) VALUES(' 34','The Music of Dave Edmunds');INSERT INTO courses (courseID,title) VALUES(' 35','Ponzi Schemes');INSERT INTO courses (courseID,title) VALUES(' 36','Networking');INSERT INTO courses (courseID,title) VALUES(' 37','Recursive Function Theory');INSERT INTO courses (courseID,title) VALUES(' 38','Greek Tragedy');INSERT INTO courses (courseID,title) VALUES(' 39','Arabic');INSERT INTO courses (courseID,title) VALUES(' 40','The Renaissance');INSERT INTO courses (courseID,title) VALUES(' 41','Compiler Design');INSERT INTO courses (courseID,title) VALUES(' 42','Networking');INSERT INTO courses (courseID,title) VALUES(' 43','Automobile Mechanics');INSERT INTO courses (courseID,title) VALUES(' 44','Music of the 80s');INSERT INTO courses (courseID,title) VALUES(' 45','Music of the 50s');INSERT INTO courses (courseID,title) VALUES(' 46','C  Programming');INSERT INTO courses (courseID,title) VALUES(' 47','Mobile Computing');INSERT INTO courses (courseID,title) VALUES(' 48','Plasma Physics');INSERT INTO courses (courseID,title) VALUES(' 49','Accounting');INSERT INTO courses (courseID,title) VALUES(' 50','Groups and Rings');INSERT INTO courses (courseID,title) VALUES(' 51','Biostatistics');INSERT INTO courses (courseID,title) VALUES(' 52','Electron Microscopy');INSERT INTO courses (courseID,title) VALUES(' 53','Sensor Networks');INSERT INTO courses (courseID,title) VALUES(' 54','UNIX System Programmming');INSERT INTO courses (courseID,title) VALUES(' 55','UNIX System Programmming');INSERT INTO courses (courseID,title) VALUES(' 56','Music 2 New for your Instructor');INSERT INTO courses (courseID,title) VALUES(' 57','Microeconomics');INSERT INTO courses (courseID,title) VALUES(' 58','Plastics');INSERT INTO courses (courseID,title) VALUES(' 59','Existentialism');INSERT INTO courses (courseID,title) VALUES(' 60','Fractal Geometry');INSERT INTO courses (courseID,title) VALUES(' 61','Image Processing');INSERT INTO courses (courseID,title) VALUES(' 62','Number Theory');INSERT INTO courses (courseID,title) VALUES(' 63','Multivariable Calculus');INSERT INTO courses (courseID,title) VALUES(' 64','Journalism');INSERT INTO courses (courseID,title) VALUES(' 65','Numerical Methods');INSERT INTO courses (courseID,title) VALUES(' 66','Astronomy');INSERT INTO courses (courseID,title) VALUES(' 67','International Finance');INSERT INTO courses (courseID,title) VALUES(' 68','Operating Systems');INSERT INTO courses (courseID,title) VALUES(' 69','Bioinformatics');INSERT INTO courses (courseID,title) VALUES(' 70','Fiction Writing');INSERT INTO courses (courseID,title) VALUES(' 71','Numerical Methods');INSERT INTO courses (courseID,title) VALUES(' 72','Strength of Materials');INSERT INTO courses (courseID,title) VALUES(' 73','Fractal Geometry');INSERT INTO courses (courseID,title) VALUES(' 74','Music of the 90s');INSERT INTO courses (courseID,title) VALUES(' 75','Sanitary Engineering');INSERT INTO courses (courseID,title) VALUES(' 76','Decison Support Systems');INSERT INTO courses (courseID,title) VALUES(' 77','Design and Analysis of Algorithms');INSERT INTO courses (courseID,title) VALUES(' 78','Image Processing');INSERT INTO courses (courseID,title) VALUES(' 79','The Music of Donovan');INSERT INTO courses (courseID,title) VALUES(' 80','Quantum Mechanics');INSERT INTO courses (courseID,title) VALUES(' 81','Geology');
INSERT INTO teacherteams (teacherteamid) VALUES ('0'), ('1'), ('2'), ('3'), ('4'), ('5'), ('6'), ('7'), ('8'), ('9');
INSERT INTO teacher_teacherteam (teacherid, teacherteamid) VALUES ('1', '0'), ('2', '0'), ('3', '9'), ('3', '3'), ('4', '9'), ('5', '7'), ('6', '1'), ('7', '6'), ('8', '1'), ('9', '4'), ('10', '1'), ('10', '8'), ('11', '9'), ('12', '3'), ('13', '0'), ('13', '8'), ('14', '9'), ('15', '7'), ('15', '2'), ('16', '3'), ('16', '3'), ('17', '5'), ('17', '5'), ('18', '8'), ('19', '8'), ('19', '5'), ('20', '6'), ('21', '4'), ('21', '0'), ('22', '8'), ('23', '4'), ('24', '4'), ('24', '3'), ('25', '3'), ('25', '3'), ('26', '3'), ('27', '7'), ('27', '6'), ('28', '9'), ('29', '4'), ('29', '6'), ('30', '9'), ('31', '7'), ('32', '5'), ('32', '3'), ('33', '9'), ('33', '6'), ('34', '9'), ('35', '1'), ('36', '3'), ('36', '9'), ('37', '4'), ('37', '8'), ('38', '7'), ('38', '1'), ('39', '3'), ('39', '0'), ('40', '4'), ('40', '2'), ('41', '0'), ('41', '1'), ('42', '9'), ('42', '1'), ('43', '9'), ('44', '4'), ('45', '4'), ('45', '7'), ('46', '1'), ('46', '7'), ('47', '6'), ('48', '5'), ('49', '1'), ('50', '6'), ('50', '3');
INSERT INTO classes (classid, courseid, starts, ends, teacherteamid, coursetype) VALUES ('0', '31', 'now()', '2020-01-09', '4', 'Attendance'), ('1', '16', 'now()', '2020-02-19', '0', 'Attendance'), ('2', '5', 'now()', '2020-01-11', '8', 'Online'), ('3', '26', 'now()', '2020-02-06', '1', 'Attendance'), ('4', '69', 'now()', '2020-01-22', '9', 'Attendance'), ('5', '76', 'now()', '2020-02-18', '5', 'Online'), ('6', '17', 'now()', '2020-01-23', '2', 'Online'), ('7', '13', 'now()', '2020-01-13', '8', 'Attendance'), ('8', '48', 'now()', '2020-01-13', '7', 'Online'), ('9', '64', 'now()', '2020-01-21', '5', 'Attendance'), ('10', '20', 'now()', '2020-01-24', '6', 'Online'), ('11', '54', 'now()', '2020-02-24', '6', 'Attendance'), ('12', '58', 'now()', '2020-02-25', '1', 'Attendance'), ('13', '19', 'now()', '2020-01-08', '8', 'Attendance'), ('14', '10', 'now()', '2020-01-01', '3', 'Attendance'), ('15', '77', 'now()', '2020-02-23', '9', 'Online'), ('16', '74', 'now()', '2020-01-15', '8', 'Online'), ('17', '11', 'now()', '2020-02-04', '7', 'Online'), ('18', '59', 'now()', '2020-01-17', '2', 'Attendance'), ('19', '1', 'now()', '2020-02-09', '7', 'Attendance');
INSERT INTO classmembers (studentid, classid) VALUES ('1', '8'), ('2', '1'), ('3', '3'), ('4', '4'), ('5', '1'), ('6', '6'), ('7', '3'), ('8', '1'), ('9', '9'), ('10', '7'), ('11', '0'), ('12', '5'), ('13', '6'), ('14', '9'), ('15', '9'), ('16', '5'), ('17', '3'), ('18', '0'), ('19', '1'), ('20', '7'), ('21', '6'), ('22', '9'), ('23', '3'), ('24', '2'), ('25', '1'), ('26', '7'), ('27', '4'), ('28', '4'), ('29', '7'), ('30', '3'), ('31', '8'), ('32', '0'), ('33', '2'), ('34', '0'), ('35', '1'), ('36', '6'), ('37', '7'), ('38', '9'), ('39', '4'), ('40', '5'), ('41', '5'), ('42', '5'), ('43', '6'), ('44', '2'), ('45', '8'), ('46', '3'), ('47', '8'), ('48', '1'), ('49', '0'), ('50', '2'), ('51', '8'), ('52', '7'), ('53', '9'), ('54', '5'), ('55', '8'), ('56', '3'), ('57', '1'), ('58', '7'), ('59', '1'), ('60', '7'), ('61', '2'), ('62', '1'), ('63', '4'), ('64', '2'), ('65', '6'), ('66', '5'), ('67', '0'), ('68', '7'), ('69', '2'), ('70', '3'), ('71', '0'), ('72', '7'), ('73', '5'), ('74', '4'), ('75', '1'), ('76', '7'), ('77', '9'), ('78', '9'), ('79', '0'), ('80', '6'), ('81', '7'), ('82', '5'), ('83', '8'), ('84', '9'), ('85', '3'), ('86', '3'), ('87', '2'), ('88', '3'), ('89', '4'), ('90', '4'), ('91', '1'), ('92', '8'), ('93', '5'), ('94', '8'), ('95', '7'), ('96', '3'), ('97', '8'), ('98', '4'), ('99', '0'), ('100', '4'), ('101', '3'), ('102', '2'), ('103', '6'), ('104', '9'), ('105', '9'), ('106', '9'), ('107', '9'), ('108', '7'), ('109', '8'), ('110', '7'), ('111', '1'), ('112', '8'), ('113', '5'), ('114', '1'), ('115', '0'), ('116', '6'), ('117', '5'), ('118', '6'), ('119', '5'), ('120', '5'), ('121', '1'), ('122', '7'), ('123', '1'), ('124', '7'), ('125', '1'), ('126', '4'), ('127', '8'), ('128', '9'), ('129', '1'), ('130', '2'), ('131', '2'), ('132', '4'), ('133', '6'), ('134', '5'), ('135', '9'), ('136', '8'), ('137', '4'), ('138', '2'), ('139', '6'), ('140', '8'), ('141', '5'), ('142', '5'), ('143', '5'), ('144', '8'), ('145', '0'), ('146', '5'), ('147', '7'), ('148', '8'), ('149', '0'), ('150', '3'), ('151', '2'), ('152', '3'), ('153', '9'), ('154', '1'), ('155', '7'), ('156', '6'), ('157', '3'), ('158', '0'), ('159', '7'), ('160', '1'), ('161', '9'), ('162', '2'), ('163', '8'), ('164', '3'), ('165', '6'), ('166', '2'), ('167', '0'), ('168', '2'), ('169', '4'), ('170', '5'), ('171', '5'), ('172', '4'), ('173', '1'), ('174', '2'), ('175', '6'), ('176', '3'), ('177', '6'), ('178', '3'), ('179', '8'), ('180', '4'), ('181', '4'), ('182', '1'), ('183', '9'), ('184', '9'), ('185', '3'), ('186', '7'), ('187', '3'), ('188', '9'), ('189', '9'), ('190', '9'), ('191', '8'), ('192', '4'), ('193', '8'), ('194', '8'), ('195', '5'), ('196', '2'), ('197', '3'), ('198', '9'), ('199', '6'), ('200', '5'), ('201', '3'), ('202', '3'), ('203', '9'), ('204', '4'), ('205', '4'), ('206', '3'), ('207', '7'), ('208', '2'), ('209', '4'), ('210', '9'), ('211', '4'), ('212', '6'), ('213', '6'), ('214', '6'), ('215', '1'), ('216', '6'), ('217', '8'), ('218', '3'), ('219', '9'), ('220', '1'), ('221', '3'), ('222', '7'), ('223', '9'), ('224', '3'), ('225', '6'), ('226', '2'), ('227', '0'), ('228', '2'), ('229', '0'), ('230', '5'), ('231', '8'), ('232', '9'), ('233', '6'), ('234', '9'), ('235', '3'), ('236', '1'), ('237', '1'), ('238', '0'), ('239', '4'), ('240', '4'), ('241', '8'), ('242', '5'), ('243', '7'), ('244', '8'), ('245', '3'), ('246', '5'), ('247', '6'), ('248', '6'), ('249', '3'), ('250', '7'), ('251', '6'), ('252', '2'), ('253', '5'), ('254', '7'), ('255', '3'), ('256', '9'), ('257', '6'), ('258', '4'), ('259', '7'), ('260', '8'), ('261', '6'), ('262', '7'), ('263', '7'), ('264', '2'), ('265', '8'), ('266', '6'), ('267', '1'), ('268', '7'), ('269', '1'), ('270', '0'), ('271', '1'), ('272', '1'), ('273', '0'), ('274', '1'), ('275', '3'), ('276', '0'), ('277', '3'), ('278', '4'), ('279', '7'), ('280', '6'), ('281', '5'), ('282', '3'), ('283', '6'), ('284', '7'), ('285', '2'), ('286', '8'), ('287', '7'), ('288', '6'), ('289', '4'), ('290', '9'), ('291', '5'), ('292', '5'), ('293', '9'), ('294', '4'), ('295', '9'), ('296', '2'), ('297', '4'), ('298', '2'), ('299', '2'), ('300', '9'), ('301', '0'), ('302', '4'), ('303', '8'), ('304', '0'), ('305', '9'), ('306', '5'), ('307', '7'), ('308', '6'), ('309', '5'), ('310', '1'), ('311', '6'), ('312', '8'), ('313', '5'), ('314', '5'), ('315', '4'), ('316', '1'), ('317', '4'), ('318', '9'), ('319', '7'), ('320', '0'), ('321', '3'), ('322', '6'), ('323', '7'), ('324', '3'), ('325', '5'), ('326', '7'), ('327', '3'), ('328', '7'), ('329', '6'), ('330', '1'), ('331', '1'), ('332', '5'), ('333', '8'), ('334', '4'), ('335', '7'), ('336', '1'), ('337', '8'), ('338', '7'), ('339', '4'), ('340', '4'), ('341', '8'), ('342', '2'), ('343', '4'), ('344', '0'), ('345', '8'), ('346', '6'), ('347', '1'), ('348', '8'), ('349', '1'), ('350', '1'), ('351', '3'), ('352', '4'), ('353', '8'), ('354', '2'), ('355', '7'), ('356', '8'), ('357', '8'), ('358', '4'), ('359', '0'), ('360', '2'), ('361', '2'), ('362', '4'), ('363', '7'), ('364', '4'), ('365', '1'), ('366', '6'), ('367', '9'), ('368', '4'), ('369', '9'), ('370', '1'), ('371', '4'), ('372', '7'), ('373', '3'), ('374', '9'), ('375', '8'), ('376', '3'), ('377', '6'), ('378', '8'), ('379', '6'), ('380', '5'), ('381', '1'), ('382', '1'), ('383', '0'), ('384', '5'), ('385', '8'), ('386', '3'), ('387', '7'), ('388', '8'), ('389', '4'), ('390', '4'), ('391', '5'), ('392', '8'), ('393', '3'), ('394', '7'), ('395', '3'), ('396', '3'), ('397', '0'), ('398', '5'), ('399', '9'), ('400', '3'), ('401', '7'), ('402', '5'), ('403', '8'), ('404', '7'), ('405', '8'), ('406', '9'), ('407', '6'), ('408', '4'), ('409', '2'), ('410', '0'), ('411', '7'), ('412', '3'), ('413', '6'), ('414', '6'), ('415', '2'), ('416', '0'), ('417', '9'), ('418', '1'), ('419', '3'), ('420', '3'), ('421', '7'), ('422', '9'), ('423', '4'), ('424', '4'), ('425', '4'), ('426', '7'), ('427', '8'), ('428', '1'), ('429', '0'), ('430', '3'), ('431', '5'), ('432', '9'), ('433', '2'), ('434', '8'), ('435', '9'), ('436', '8'), ('437', '8'), ('438', '8'), ('439', '4'), ('440', '5'), ('441', '8'), ('442', '2'), ('443', '2'), ('444', '1'), ('445', '7'), ('446', '9'), ('447', '8'), ('448', '9'), ('449', '2'), ('450', '2'), ('451', '6'), ('452', '4'), ('453', '5'), ('454', '5'), ('455', '8'), ('456', '7'), ('457', '1'), ('458', '2'), ('459', '7'), ('460', '2'), ('461', '7'), ('462', '2'), ('463', '3'), ('464', '4'), ('465', '7'), ('466', '6'), ('467', '7'), ('468', '1'), ('469', '5'), ('470', '6'), ('471', '4'), ('472', '2'), ('473', '4'), ('474', '2'), ('475', '4'), ('476', '6'), ('477', '5'), ('478', '4'), ('479', '1'), ('480', '4'), ('481', '1'), ('482', '8'), ('483', '0'), ('484', '6'), ('485', '1'), ('486', '7'), ('487', '2'), ('488', '5'), ('489', '2'), ('490', '7'), ('491', '6'), ('492', '2'), ('493', '5'), ('494', '5'), ('495', '4'), ('496', '8'), ('497', '7'), ('498', '2'), ('499', '4'), ('500', '2'), ('501', '4'), ('502', '2'), ('503', '3'), ('504', '9'), ('505', '0'), ('506', '9'), ('507', '9'), ('508', '1'), ('509', '4'), ('510', '2'), ('511', '3'), ('512', '1'), ('513', '6'), ('514', '7'), ('515', '2'), ('516', '2'), ('517', '4'), ('518', '2'), ('519', '5'), ('520', '9'), ('521', '2'), ('522', '8'), ('523', '6'), ('524', '7'), ('525', '7'), ('526', '8'), ('527', '4'), ('528', '8'), ('529', '1'), ('530', '5'), ('531', '8'), ('532', '8'), ('533', '0'), ('534', '1'), ('535', '9'), ('536', '4'), ('537', '9'), ('538', '4'), ('539', '4'), ('540', '4'), ('541', '6'), ('542', '0'), ('543', '2'), ('544', '3'), ('545', '7'), ('546', '3'), ('547', '2'), ('548', '2'), ('549', '8'), ('550', '9'), ('551', '2'), ('552', '4'), ('553', '2'), ('554', '8'), ('555', '8'), ('556', '9'), ('557', '0'), ('558', '6'), ('559', '7'), ('560', '5'), ('561', '9'), ('562', '5'), ('563', '4'), ('564', '8'), ('565', '4'), ('566', '5'), ('567', '4'), ('568', '8'), ('569', '6'), ('570', '3'), ('571', '9'), ('572', '7'), ('573', '7'), ('574', '5'), ('575', '3'), ('576', '4'), ('577', '5'), ('578', '1'), ('579', '0'), ('580', '3'), ('581', '1'), ('582', '5'), ('583', '0'), ('584', '3'), ('585', '9'), ('586', '8'), ('587', '3'), ('588', '5'), ('589', '7'), ('590', '8'), ('591', '1'), ('592', '4'), ('593', '1'), ('594', '4'), ('595', '6'), ('596', '0'), ('597', '9'), ('598', '1'), ('599', '3'), ('600', '4'), ('601', '6'), ('602', '9'), ('603', '5'), ('604', '0'), ('605', '8'), ('606', '2'), ('607', '4'), ('608', '9'), ('609', '3'), ('610', '5'), ('611', '6'), ('612', '7'), ('613', '3'), ('614', '3'), ('615', '0'), ('616', '2'), ('617', '8'), ('618', '0'), ('619', '8'), ('620', '7'), ('621', '5'), ('622', '1'), ('623', '4'), ('624', '9'), ('625', '8'), ('626', '4'), ('627', '7'), ('628', '8'), ('629', '0'), ('630', '1'), ('631', '7'), ('632', '0'), ('633', '5'), ('634', '6'), ('635', '1'), ('636', '9'), ('637', '9'), ('638', '5'), ('639', '8'), ('640', '9'), ('641', '0'), ('642', '1'), ('643', '5'), ('644', '5'), ('645', '4'), ('646', '1'), ('647', '0'), ('648', '8'), ('649', '2'), ('650', '9'), ('651', '3'), ('652', '8'), ('653', '6'), ('654', '6'), ('655', '6'), ('656', '2'), ('657', '0'), ('658', '1'), ('659', '1'), ('660', '8'), ('661', '8'), ('662', '9'), ('663', '9'), ('664', '9'), ('665', '3'), ('666', '9'), ('667', '5'), ('668', '8'), ('669', '9'), ('670', '6'), ('671', '7'), ('672', '0'), ('673', '4'), ('674', '1'), ('675', '7'), ('676', '0'), ('677', '5'), ('678', '9'), ('679', '3'), ('680', '8'), ('681', '4'), ('682', '3'), ('683', '3'), ('684', '7'), ('685', '7'), ('686', '8'), ('687', '7'), ('688', '8'), ('689', '2'), ('690', '4'), ('691', '0'), ('692', '1'), ('693', '8'), ('694', '5'), ('695', '5'), ('696', '6'), ('697', '3'), ('698', '3'), ('699', '7'), ('700', '4'), ('701', '6'), ('702', '6'), ('703', '7'), ('704', '7'), ('705', '0'), ('706', '0'), ('707', '3'), ('708', '1'), ('709', '1'), ('710', '5'), ('711', '4'), ('712', '3'), ('713', '9'), ('714', '9'), ('715', '8'), ('716', '0'), ('717', '9'), ('718', '6'), ('719', '2'), ('720', '0'), ('721', '6'), ('722', '5'), ('723', '5'), ('724', '8'), ('725', '9'), ('726', '4'), ('727', '2'), ('728', '0'), ('729', '3'), ('730', '4'), ('731', '6'), ('732', '3'), ('733', '8'), ('734', '0'), ('735', '3'), ('736', '3'), ('737', '8'), ('738', '7'), ('739', '6'), ('740', '8'), ('741', '6'), ('742', '1'), ('743', '2'), ('744', '0'), ('745', '7'), ('746', '9'), ('747', '3'), ('748', '9'), ('749', '3'), ('750', '9'), ('751', '7'), ('752', '5'), ('753', '7'), ('754', '9'), ('755', '6'), ('756', '5'), ('757', '2'), ('758', '0'), ('759', '3'), ('760', '0'), ('761', '6'), ('762', '6'), ('763', '1'), ('764', '8'), ('765', '9'), ('766', '3'), ('767', '7'), ('768', '8'), ('769', '9'), ('770', '0'), ('771', '8'), ('772', '5'), ('773', '2'), ('774', '4'), ('775', '3'), ('776', '9'), ('777', '4'), ('778', '4'), ('779', '6'), ('780', '4'), ('781', '5'), ('782', '5'), ('783', '0'), ('784', '1'), ('785', '9'), ('786', '1'), ('787', '5'), ('788', '1'), ('789', '4'), ('790', '9'), ('791', '8'), ('792', '7'), ('793', '5'), ('794', '9'), ('795', '8'), ('796', '6'), ('797', '3'), ('798', '2'), ('799', '7'), ('800', '6'), ('801', '8'), ('802', '3'), ('803', '6'), ('804', '2'), ('805', '7'), ('806', '0'), ('807', '8'), ('808', '3'), ('809', '0'), ('810', '8'), ('811', '1'), ('812', '8'), ('813', '2'), ('814', '2'), ('815', '7'), ('816', '4'), ('817', '6'), ('818', '7'), ('819', '9'), ('820', '4'), ('821', '5'), ('822', '0'), ('823', '0'), ('824', '2'), ('825', '3'), ('826', '0'), ('827', '9'), ('828', '2'), ('829', '8'), ('830', '2'), ('831', '6'), ('832', '6'), ('833', '3'), ('834', '8'), ('835', '9'), ('836', '0'), ('837', '7'), ('838', '8'), ('839', '0'), ('840', '7'), ('841', '2'), ('842', '2'), ('843', '0'), ('844', '6'), ('845', '3'), ('846', '0'), ('847', '7'), ('848', '3'), ('849', '8'), ('850', '2'), ('851', '3'), ('852', '9'), ('853', '1'), ('854', '7'), ('855', '5'), ('856', '3'), ('857', '8'), ('858', '3'), ('859', '8'), ('860', '8'), ('861', '7'), ('862', '7'), ('863', '5'), ('864', '7'), ('865', '8'), ('866', '7'), ('867', '9'), ('868', '2'), ('869', '2'), ('870', '2'), ('871', '4'), ('872', '8'), ('873', '2'), ('874', '2'), ('875', '3'), ('876', '2'), ('877', '4'), ('878', '2'), ('879', '5'), ('880', '5'), ('881', '5'), ('882', '1'), ('883', '1'), ('884', '3'), ('885', '1'), ('886', '1'), ('887', '9'), ('888', '2'), ('889', '4'), ('890', '8'), ('891', '8'), ('892', '9'), ('893', '9'), ('894', '1'), ('895', '8'), ('896', '5'), ('897', '4'), ('898', '7'), ('899', '7'), ('900', '8'), ('901', '6'), ('902', '7'), ('903', '7'), ('904', '3'), ('905', '2'), ('906', '7'), ('907', '6'), ('908', '2'), ('909', '0'), ('910', '3'), ('911', '5'), ('912', '2'), ('913', '1'), ('914', '3'), ('915', '3'), ('916', '9'), ('917', '0'), ('918', '1'), ('919', '5'), ('920', '9'), ('921', '2'), ('922', '6'), ('923', '5'), ('924', '1'), ('925', '7'), ('926', '0'), ('927', '4'), ('928', '2'), ('929', '2'), ('930', '8'), ('931', '3'), ('932', '8'), ('933', '1'), ('934', '1'), ('935', '1'), ('936', '5'), ('937', '3'), ('938', '5'), ('939', '3'), ('940', '0'), ('941', '0'), ('942', '3'), ('943', '3'), ('944', '9'), ('945', '9'), ('946', '9'), ('947', '3'), ('948', '1'), ('949', '0'), ('950', '1'), ('951', '0'), ('952', '3'), ('953', '1'), ('954', '0'), ('955', '4'), ('956', '1'), ('957', '3'), ('958', '7'), ('959', '4'), ('960', '7'), ('961', '7'), ('962', '5'), ('963', '7'), ('964', '1'), ('965', '8'), ('966', '9'), ('967', '4'), ('968', '5'), ('969', '8'), ('970', '3'), ('971', '7'), ('972', '9'), ('973', '1'), ('974', '8'), ('975', '7'), ('976', '1'), ('977', '3'), ('978', '2'), ('979', '3'), ('980', '7'), ('981', '1'), ('982', '6'), ('983', '4'), ('984', '9'), ('985', '7'), ('986', '0'), ('987', '7'), ('988', '9'), ('989', '3'), ('990', '4'), ('991', '4'), ('992', '3'), ('993', '6'), ('994', '0'), ('995', '5'), ('996', '8'), ('997', '6'), ('998', '8'), ('999', '8'), ('1000', '2');
INSERT INTO grades (studentid, courseid, grade) VALUES ('1', '36', '4'), ('2', '70', '10'), ('3', '77', '2'), ('4', '21', '10'), ('5', '41', '10'), ('6', '52', '10'), ('7', '10', '4'), ('8', '70', '12'), ('9', '54', '12'), ('10', '34', '7'), ('11', '65', '2'), ('12', '56', '10'), ('13', '1', '7'), ('14', '52', '10'), ('15', '49', '00'), ('16', '42', '7'), ('17', '27', '00'), ('18', '38', '7'), ('19', '77', '7'), ('20', '77', '4'), ('21', '75', '10'), ('22', '44', '2'), ('23', '14', '4'), ('24', '69', '2'), ('25', '80', '00'), ('26', '27', '12'), ('27', '69', '2'), ('28', '1', '4'), ('29', '77', '4'), ('30', '67', '10'), ('31', '50', '10'), ('32', '11', '7'), ('33', '46', '4'), ('34', '45', '2'), ('35', '33', '4'), ('36', '58', '10'), ('37', '31', '12'), ('38', '7', '12'), ('39', '14', '7'), ('40', '31', '4'), ('41', '32', '00'), ('42', '48', '2'), ('43', '79', '12'), ('44', '44', '00'), ('45', '2', '2'), ('46', '14', '00'), ('47', '51', '12'), ('48', '2', '00'), ('49', '6', '2'), ('50', '26', '4'), ('51', '51', '7'), ('52', '46', '2'), ('53', '67', '7'), ('54', '58', '12'), ('55', '3', '4'), ('56', '23', '2'), ('57', '24', '4'), ('58', '74', '10'), ('59', '67', '7'), ('60', '6', '10'), ('61', '23', '10'), ('62', '74', '7'), ('63', '22', '4'), ('64', '16', '2'), ('65', '73', '12'), ('66', '4', '00'), ('67', '55', '2'), ('68', '16', '7'), ('69', '11', '10'), ('70', '37', '10'), ('71', '48', '12'), ('72', '45', '00'), ('73', '74', '00'), ('74', '25', '00'), ('75', '52', '12'), ('76', '53', '00'), ('77', '36', '2'), ('78', '34', '12'), ('79', '46', '00'), ('80', '5', '4'), ('81', '65', '7'), ('82', '36', '12'), ('83', '76', '00'), ('84', '41', '2'), ('85', '71', '7'), ('86', '68', '10'), ('87', '14', '10'), ('88', '68', '7'), ('89', '73', '12'), ('90', '26', '4'), ('91', '14', '2'), ('92', '12', '00'), ('93', '31', '10'), ('94', '78', '2'), ('95', '76', '4'), ('96', '48', '10'), ('97', '57', '00'), ('98', '76', '2'), ('99', '48', '00'), ('100', '80', '7'), ('101', '52', '2'), ('102', '66', '00'), ('103', '74', '12'), ('104', '37', '12'), ('105', '0', '2'), ('106', '57', '4'), ('107', '52', '2'), ('108', '30', '7'), ('109', '36', '10'), ('110', '65', '2'), ('111', '50', '2'), ('112', '80', '4'), ('113', '6', '12'), ('114', '58', '00'), ('115', '9', '10'), ('116', '16', '12'), ('117', '60', '00'), ('118', '15', '10'), ('119', '14', '12'), ('120', '56', '10'), ('121', '57', '00'), ('122', '7', '7'), ('123', '27', '10'), ('124', '71', '10'), ('125', '38', '2'), ('126', '39', '4'), ('127', '10', '7'), ('128', '23', '12'), ('129', '14', '7'), ('130', '7', '12'), ('131', '33', '2'), ('132', '71', '4'), ('133', '41', '10'), ('134', '9', '10'), ('135', '60', '4'), ('136', '72', '4'), ('137', '2', '2'), ('138', '15', '00'), ('139', '49', '4'), ('140', '66', '7'), ('141', '17', '4'), ('142', '76', '12'), ('143', '7', '12'), ('144', '70', '2'), ('145', '31', '12'), ('146', '16', '7'), ('147', '41', '10'), ('148', '12', '7'), ('149', '11', '12'), ('150', '8', '12'), ('151', '6', '4'), ('152', '63', '4'), ('153', '15', '4'), ('154', '16', '2'), ('155', '15', '2'), ('156', '76', '7'), ('157', '75', '4'), ('158', '12', '00'), ('159', '74', '7'), ('160', '69', '10'), ('161', '37', '2'), ('162', '6', '10'), ('163', '45', '7'), ('164', '41', '10'), ('165', '24', '10'), ('166', '8', '2'), ('167', '63', '7'), ('168', '10', '2'), ('169', '35', '00'), ('170', '65', '00'), ('171', '55', '00'), ('172', '25', '4'), ('173', '67', '4'), ('174', '62', '7'), ('175', '19', '4'), ('176', '39', '10'), ('177', '60', '00'), ('178', '0', '2'), ('179', '45', '7'), ('180', '27', '4'), ('181', '75', '4'), ('182', '29', '12'), ('183', '3', '7'), ('184', '34', '10'), ('185', '22', '2'), ('186', '57', '12'), ('187', '23', '12'), ('188', '60', '4'), ('189', '39', '4'), ('190', '0', '10'), ('191', '79', '4'), ('192', '35', '12'), ('193', '11', '2'), ('194', '53', '4'), ('195', '34', '2'), ('196', '17', '12'), ('197', '54', '4'), ('198', '7', '2'), ('199', '70', '12'), ('200', '44', '00'), ('201', '9', '7'), ('202', '65', '10'), ('203', '35', '12'), ('204', '37', '7'), ('205', '18', '7'), ('206', '72', '00'), ('207', '69', '2'), ('208', '32', '12'), ('209', '42', '12'), ('210', '76', '2'), ('211', '30', '2'), ('212', '39', '7'), ('213', '1', '10'), ('214', '75', '4'), ('215', '2', '00'), ('216', '11', '00'), ('217', '65', '4'), ('218', '46', '12'), ('219', '72', '7'), ('220', '59', '4'), ('221', '53', '12'), ('222', '71', '7'), ('223', '39', '10'), ('224', '21', '2'), ('225', '79', '00'), ('226', '19', '00'), ('227', '21', '4'), ('228', '56', '4'), ('229', '46', '00'), ('230', '14', '10'), ('231', '20', '2'), ('232', '11', '4'), ('233', '66', '4'), ('234', '59', '4'), ('235', '20', '4'), ('236', '37', '10'), ('237', '40', '2'), ('238', '5', '00'), ('239', '68', '00'), ('240', '75', '4'), ('241', '25', '2'), ('242', '5', '2'), ('243', '5', '4'), ('244', '42', '00'), ('245', '44', '10'), ('246', '73', '12'), ('247', '37', '2'), ('248', '4', '7'), ('249', '76', '10'), ('250', '41', '00'), ('251', '1', '4'), ('252', '6', '4'), ('253', '3', '12'), ('254', '45', '00'), ('255', '73', '10'), ('256', '69', '00'), ('257', '26', '12'), ('258', '38', '7'), ('259', '30', '4'), ('260', '22', '2'), ('261', '47', '10'), ('262', '10', '2'), ('263', '44', '2'), ('264', '23', '2'), ('265', '54', '2'), ('266', '67', '12'), ('267', '55', '4'), ('268', '60', '12'), ('269', '57', '4'), ('270', '16', '00'), ('271', '16', '4'), ('272', '35', '10'), ('273', '57', '4'), ('274', '59', '7'), ('275', '10', '10'), ('276', '38', '12'), ('277', '60', '4'), ('278', '75', '4'), ('279', '41', '12'), ('280', '39', '7'), ('281', '7', '12'), ('282', '61', '4'), ('283', '6', '7'), ('284', '36', '2'), ('285', '31', '7'), ('286', '19', '10'), ('287', '19', '2'), ('288', '8', '4'), ('289', '54', '00'), ('290', '72', '10'), ('291', '41', '10'), ('292', '36', '4'), ('293', '80', '2'), ('294', '22', '12'), ('295', '0', '7'), ('296', '22', '7'), ('297', '9', '7'), ('298', '55', '12'), ('299', '15', '12'), ('300', '60', '00'), ('301', '47', '2'), ('302', '42', '7'), ('303', '3', '10'), ('304', '24', '00'), ('305', '23', '7'), ('306', '31', '7'), ('307', '11', '10'), ('308', '1', '2'), ('309', '0', '12'), ('310', '55', '00'), ('311', '0', '00'), ('312', '44', '00'), ('313', '39', '2'), ('314', '9', '4'), ('315', '1', '10'), ('316', '65', '2'), ('317', '64', '12'), ('318', '47', '4'), ('319', '30', '2'), ('320', '41', '00'), ('321', '16', '4'), ('322', '49', '4'), ('323', '13', '12'), ('324', '31', '00'), ('325', '43', '00'), ('326', '15', '4'), ('327', '17', '00'), ('328', '73', '00'), ('329', '13', '00'), ('330', '34', '12'), ('331', '9', '00'), ('332', '56', '7'), ('333', '75', '10'), ('334', '5', '00'), ('335', '63', '00'), ('336', '43', '12'), ('337', '80', '10'), ('338', '55', '7'), ('339', '59', '12'), ('340', '30', '00'), ('341', '56', '10'), ('342', '40', '2'), ('343', '34', '00'), ('344', '15', '12'), ('345', '59', '2'), ('346', '32', '2'), ('347', '61', '00'), ('348', '12', '7'), ('349', '46', '7'), ('350', '73', '10'), ('351', '71', '7'), ('352', '28', '2'), ('353', '13', '00'), ('354', '33', '12'), ('355', '22', '2'), ('356', '64', '12'), ('357', '10', '12'), ('358', '12', '7'), ('359', '10', '10'), ('360', '29', '10'), ('361', '15', '7'), ('362', '49', '00'), ('363', '68', '4'), ('364', '41', '10'), ('365', '73', '7'), ('366', '31', '7'), ('367', '17', '7'), ('368', '66', '00'), ('369', '51', '4'), ('370', '22', '2'), ('371', '49', '10'), ('372', '43', '10'), ('373', '56', '7'), ('374', '4', '12'), ('375', '32', '2'), ('376', '4', '12'), ('377', '9', '7'), ('378', '41', '7'), ('379', '3', '12'), ('380', '73', '2'), ('381', '4', '12'), ('382', '15', '10'), ('383', '76', '2'), ('384', '8', '10'), ('385', '53', '12'), ('386', '65', '10'), ('387', '70', '2'), ('388', '12', '00'), ('389', '27', '10'), ('390', '11', '00'), ('391', '44', '4'), ('392', '17', '10'), ('393', '16', '4'), ('394', '15', '7'), ('395', '67', '12'), ('396', '10', '7'), ('397', '48', '12'), ('398', '14', '7'), ('399', '57', '2'), ('400', '8', '7'), ('401', '60', '12'), ('402', '53', '00'), ('403', '40', '00'), ('404', '73', '10'), ('405', '15', '12'), ('406', '23', '00'), ('407', '61', '00'), ('408', '4', '00'), ('409', '36', '7'), ('410', '58', '12'), ('411', '58', '00'), ('412', '37', '4'), ('413', '57', '10'), ('414', '10', '7'), ('415', '56', '12'), ('416', '23', '2'), ('417', '34', '7'), ('418', '53', '2'), ('419', '14', '12'), ('420', '12', '00'), ('421', '67', '2'), ('422', '58', '7'), ('423', '15', '12'), ('424', '14', '12'), ('425', '15', '4'), ('426', '13', '00'), ('427', '39', '7'), ('428', '45', '10'), ('429', '7', '7'), ('430', '75', '10'), ('431', '37', '12'), ('432', '46', '7'), ('433', '69', '12'), ('434', '66', '00'), ('435', '31', '2'), ('436', '79', '7'), ('437', '2', '12'), ('438', '2', '10'), ('439', '71', '4'), ('440', '67', '7'), ('441', '66', '10'), ('442', '12', '7'), ('443', '14', '4'), ('444', '18', '7'), ('445', '66', '10'), ('446', '22', '7'), ('447', '11', '12'), ('448', '2', '4'), ('449', '49', '00'), ('450', '75', '12'), ('451', '13', '4'), ('452', '70', '7'), ('453', '30', '10'), ('454', '79', '7'), ('455', '20', '10'), ('456', '11', '12'), ('457', '6', '00'), ('458', '61', '2'), ('459', '6', '2'), ('460', '70', '7'), ('461', '20', '4'), ('462', '42', '7'), ('463', '76', '7'), ('464', '18', '12'), ('465', '3', '7'), ('466', '66', '12'), ('467', '6', '7'), ('468', '52', '2'), ('469', '27', '00'), ('470', '56', '7'), ('471', '4', '7'), ('472', '18', '00'), ('473', '40', '2'), ('474', '0', '2'), ('475', '42', '7'), ('476', '28', '12'), ('477', '37', '00'), ('478', '75', '2'), ('479', '78', '7'), ('480', '63', '10'), ('481', '48', '4'), ('482', '41', '2'), ('483', '26', '7'), ('484', '7', '7'), ('485', '26', '2'), ('486', '79', '2'), ('487', '1', '7'), ('488', '24', '7'), ('489', '51', '4'), ('490', '75', '00'), ('491', '70', '2'), ('492', '76', '4'), ('493', '75', '2'), ('494', '40', '12'),
 ('495', '3', '7'), ('496', '79', '4'), ('497', '77', '7'), ('498', '2', '10'), ('499', '17', '4'), ('500', '69', '10'), ('501', '16', '7'), ('502', '4', '12'), ('503', '28', '00'), ('504', '25', '00'), ('505', '63', '12'), ('506', '21', '12'), ('507', '65', '00'), ('508', '64', '12'), ('509', '50', '10'), ('510', '61', '4'), ('511', '55', '7'), ('512', '41', '2'), ('513', '63', '10'), ('514', '73', '2'), ('515', '65', '7'), ('516', '45', '00'), ('517', '63', '7'), ('518', '43', '7'), ('519', '31', '00'), ('520', '35', '00'), ('521', '12', '00'), ('522', '64', '00'), ('523', '73', '2'), ('524', '48', '12'), ('525', '11', '12'), ('526', '58', '12'), ('527', '13', '2'), ('528', '63', '2'), ('529', '51', '00'), ('530', '8', '00'), ('531', '28', '12'), ('532', '4', '12'), ('533', '19', '2'), ('534', '78', '4'), ('535', '38', '00'), ('536', '66', '2'), ('537', '13', '10'), ('538', '73', '7'), ('539', '8', '12'), ('540', '22', '12'), ('541', '11', '4'), ('542', '75', '2'), ('543', '9', '00'), ('544', '76', '7'), ('545', '21', '2'), ('546', '46', '4'), ('547', '57', '4'), ('548', '33', '7'), ('549', '5', '4'), ('550', '40', '10'), ('551', '37', '7'), ('552', '70', '2'), ('553', '26', '2'), ('554', '33', '12'), ('555', '53', '2'), ('556', '59', '7'), ('557', '3', '4'), ('558', '62', '4'), ('559', '17', '10'), ('560', '62', '10'), ('561', '80', '00'), ('562', '7', '10'), ('563', '18', '12'), ('564', '22', '7'), ('565', '25', '00'), ('566', '18', '00'), ('567', '63', '4'), ('568', '62', '10'), ('569', '73', '4'), ('570', '78', '4'), ('571', '25', '00'), ('572', '44', '4'), ('573', '79', '4'), ('574', '48', '12'), ('575', '3', '00'), ('576', '41', '10'), ('577', '71', '10'), ('578', '23', '4'), ('579', '22', '2'), ('580', '47', '10'), ('581', '15', '10'), ('582', '71', '4'), ('583', '30', '12'), ('584', '18', '2'), ('585', '29', '2'), ('586', '30', '7'), ('587', '5', '00'), ('588', '4', '7'), ('589', '26', '7'), ('590', '80', '4'), ('591', '33', '7'), ('592', '1', '2'), ('593', '28', '00'), ('594', '10', '4'), ('595', '45', '4'), ('596', '9', '12'), ('597', '0', '00'), ('598', '10', '12'), ('599', '18', '10'), ('600', '45', '12'), ('601', '14', '7'), ('602', '33', '12'), ('603', '42', '2'), ('604', '30', '4'), ('605', '69', '7'), ('606', '74', '2'), ('607', '73', '10'), ('608', '39', '00'), ('609', '68', '2'), ('610', '72', '10'), ('611', '6', '00'), ('612', '4', '12'), ('613', '70', '00'), ('614', '56', '10'), ('615', '69', '2'), ('616', '63', '2'), ('617', '68', '00'), ('618', '42', '2'), ('619', '7', '10'), ('620', '4', '2'), ('621', '35', '00'), ('622', '15', '10'), ('623', '9', '10'), ('624', '9', '00'), ('625', '28', '10'), ('626', '71', '00'), ('627', '60', '4'), ('628', '28', '12'), ('629', '26', '12'), ('630', '39', '12'), ('631', '43', '7'), ('632', '74', '7'), ('633', '28', '12'), ('634', '50', '2'), ('635', '3', '7'), ('636', '19', '10'), ('637', '14', '7'), ('638', '40', '4'), ('639', '6', '7'), ('640', '34', '2'), ('641', '53', '10'), ('642', '14', '10'), ('643', '55', '2'), ('644', '65', '00'), ('645', '16', '7'), ('646', '71', '12'), ('647', '77', '12'), ('648', '56', '4'), ('649', '74', '12'), ('650', '38', '2'), ('651', '68', '2'), ('652', '44', '10'), ('653', '49', '4'), ('654', '5', '7'), ('655', '40', '10'), ('656', '14', '4'), ('657', '75', '4'), ('658', '59', '10'), ('659', '29', '7'), ('660', '9', '2'), ('661', '26', '00'), ('662', '30', '7'), ('663', '64', '10'), ('664', '57', '12'), ('665', '74', '7'), ('666', '28', '10'), ('667', '56', '10'), ('668', '40', '2'), ('669', '46', '00'), ('670', '29', '00'), ('671', '27', '4'), ('672', '37', '2'), ('673', '61', '7'), ('674', '44', '12'), ('675', '67', '12'), ('676', '37', '7'), ('677', '32', '12'), ('678', '64', '00'), ('679', '75', '12'), ('680', '44', '7'), ('681', '51', '00'), ('682', '55', '10'), ('683', '57', '4'), ('684', '14', '2'), ('685', '18', '12'), ('686', '60', '12'), ('687', '54', '12'), ('688', '44', '10'), ('689', '76', '2'), ('690', '49', '10'), ('691', '21', '00'), ('692', '18', '12'), ('693', '51', '10'), ('694', '14', '7'), ('695', '29', '2'), ('696', '76', '7'), ('697', '58', '2'), ('698', '44', '2'), ('699', '42', '10'), ('700', '43', '00'), ('701', '56', '7'), ('702', '63', '00'), ('703', '52', '10'), ('704', '69', '2'), ('705', '32', '7'), ('706', '14', '12'), ('707', '1', '2'), ('708', '3', '12'), ('709', '40', '00'), ('710', '21', '10'), ('711', '7', '00'), ('712', '58', '7'), ('713', '3', '4'), ('714', '35', '4'), ('715', '0', '7'), ('716', '40', '12'), ('717', '68', '00'), ('718', '73', '4'), ('719', '62', '7'), ('720', '53', '4'), ('721', '45', '4'), ('722', '49', '10'), ('723', '12', '4'), ('724', '25', '7'), ('725', '73', '00'), ('726', '51', '4'), ('727', '37', '7'), ('728', '44', '00'), ('729', '26', '12'), ('730', '62', '10'), ('731', '70', '7'), ('732', '39', '2'), ('733', '18', '7'), ('734', '2', '12'), ('735', '1', '10'), ('736', '62', '00'), ('737', '75', '00'), ('738', '22', '12'), ('739', '44', '2'), ('740', '19', '12'), ('741', '28', '7'), ('742', '34', '4'), ('743', '6', '7'), ('744', '18', '00'), ('745', '68', '12'), ('746', '68', '00'), ('747', '65', '12'), ('748', '3', '4'), ('749', '23', '4'), ('750', '72', '00'), ('751', '47', '00'), ('752', '13', '7'), ('753', '59', '7'), ('754', '56', '00'), ('755', '57', '12'), ('756', '75', '12'), ('757', '55', '4'), ('758', '75', '7'), ('759', '77', '12'), ('760', '47', '10'), ('761', '11', '12'), ('762', '31', '2'), ('763', '33', '00'), ('764', '14', '7'), ('765', '56', '10'), ('766', '69', '7'), ('767', '25', '10'), ('768', '55', '12'), ('769', '80', '4'), ('770', '75', '12'), ('771', '68', '2'), ('772', '60', '2'), ('773', '67', '7'), ('774', '41', '4'), ('775', '46', '10'), ('776', '31', '4'), ('777', '19', '4'), ('778', '47', '2'), ('779', '44', '10'), ('780', '47', '12'), ('781', '48', '12'), ('782', '58', '2'), ('783', '29', '00'), ('784', '17', '7'), ('785', '63', '7'), ('786', '7', '12'), ('787', '51', '2'), ('788', '21', '00'), ('789', '76', '7'), ('790', '43', '12'), ('791', '5', '7'), ('792', '53', '2'), ('793', '37', '12'), ('794', '60', '12'), ('795', '12', '4'), ('796', '43', '00'), ('797', '60', '10'), ('798', '13', '10'), ('799', '34', '4'), ('800', '38', '7'), ('801', '48', '12'), ('802', '37', '2'), ('803', '66', '12'), ('804', '53', '2'), ('805', '76', '7'), ('806', '18', '2'), ('807', '52', '12'), ('808', '4', '00'), ('809', '65', '10'), ('810', '60', '00'), ('811', '6', '7'), ('812', '71', '7'), ('813', '52', '12'), ('814', '1', '00'), ('815', '21', '7'), ('816', '70', '12'), ('817', '57', '7'), ('818', '24', '2'), ('819', '27', '10'), ('820', '62', '00'), ('821', '25', '7'), ('822', '7', '12'), ('823', '80', '7'), ('824', '46', '2'), ('825', '31', '4'), ('826', '37', '00'), ('827', '8', '2'), ('828', '42', '00'), ('829', '26', '10'), ('830', '41', '7'), ('831', '56', '12'), ('832', '25', '7'), ('833', '70', '7'), ('834', '18', '4'), ('835', '69', '4'), ('836', '20', '4'), ('837', '10', '10'), ('838', '19', '12'), ('839', '24', '00'), ('840', '59', '10'), ('841', '74', '7'), ('842', '67', '10'), ('843', '61', '10'), ('844', '33', '10'), ('845', '71', '12'), ('846', '57', '2'), ('847', '9', '00'), ('848', '54', '2'), ('849', '17', '10'), ('850', '33', '4'), ('851', '0', '4'), ('852', '48', '7'), ('853', '28', '00'), ('854', '74', '12'), ('855', '63', '7'), ('856', '42', '10'), ('857', '43', '4'), ('858', '45', '4'), ('859', '32', '7'), ('860', '39', '7'), ('861', '47', '12'), ('862', '66', '12'), ('863', '52', '10'), ('864', '53', '12'), ('865', '26', '12'), ('866', '33', '12'), ('867', '27', '12'), ('868', '19', '00'), ('869', '48', '00'), ('870', '29', '4'), ('871', '39', '12'), ('872', '11', '12'), ('873', '16', '2'), ('874', '68', '2'), ('875', '14', '00'), ('876', '4', '00'), ('877', '14', '4'), ('878', '22', '4'), ('879', '24', '12'), ('880', '48', '4'), ('881', '21', '00'), ('882', '33', '2'), ('883', '31', '4'), ('884', '22', '12'), ('885', '36', '00'), ('886', '33', '10'), ('887', '52', '12'), ('888', '46', '00'), ('889', '0', '4'), ('890', '55', '4'), ('891', '2', '7'), ('892', '49', '7'), ('893', '51', '00'), ('894', '77', '7'), ('895', '80', '4'), ('896', '64', '00'), ('897', '45', '10'), ('898', '71', '00'), ('899', '25', '2'), ('900', '38', '12'), ('901', '23', '00'), ('902', '21', '4'), ('903', '17', '2'), ('904', '70', '00'), ('905', '53', '7'), ('906', '16', '12'), ('907', '23', '12'), ('908', '24', '2'), ('909', '17', '2'), ('910', '26', '2'), ('911', '22', '00'), ('912', '75', '12'), ('913', '59', '12'), ('914', '47', '2'), ('915', '59', '2'), ('916', '2', '10'), ('917', '44', '2'), ('918', '60', '4'), ('919', '63', '7'), ('920', '56', '12'), ('921', '41', '10'), ('922', '14', '12'), ('923', '72', '7'), ('924', '25', '7'), ('925', '24', '2'), ('926', '4', '4'), ('927', '59', '7'), ('928', '79', '7'), ('929', '19', '7'), ('930', '27', '7'), ('931', '18', '7'), ('932', '23', '2'), ('933', '10', '12'), ('934', '5', '12'), ('935', '2', '00'), ('936', '54', '4'), ('937', '21', '7'), ('938', '53', '12'), ('939', '1', '7'), ('940', '41', '12'), ('941', '1', '4'), ('942', '26', '2'), ('943', '64', '10'), ('944', '69', '10'), ('945', '68', '4'), ('946', '19', '2'), ('947', '42', '00'), ('948', '67', '10'), ('949', '68', '2'), ('950', '37', '10'), ('951', '65', '2'), ('952', '0', '12'), ('953', '0', '10'), ('954', '29', '00'), ('955', '73', '00'), ('956', '60', '00'), ('957', '3', '4'), ('958', '3', '00'), ('959', '40', '10'), ('960', '51', '7'), ('961', '31', '7'), ('962', '9', '00'), ('963', '50', '10'), ('964', '27', '4'), ('965', '10', '4'), ('966', '78', '4'), ('967', '50', '2'), ('968', '32', '00'), ('969', '12', '10'), ('970', '64', '00'), ('971', '78', '00'), ('972', '10', '7'), ('973', '7', '7'), ('974', '24', '00'), ('975', '7', '7'), ('976', '42', '10'), ('977', '56', '10'), ('978', '49', '2'), ('979', '76', '00'), ('980', '19', '7'), ('981', '71', '12'), ('982', '5', '12'), ('983', '24', '12'), ('984', '21', '12'),
  ('985', '6', '7'), ('986', '54', '4'), ('987', '18', '00'), ('988', '23', '12'), ('989', '37', '12'), ('990', '63', '2'), ('991', '17', '4'), ('992', '54', '10'), ('993', '36', '12'), ('994', '0', '12'), ('995', '65', '10'), ('996', '78', '2'), ('997', '28', '10'), ('998', '23', '10'), ('999', '49', '12'), ('1000', '51', '00');
